timestamp,machine_id,temperature,vibration,pressure,rpm,failure_within_days,coolant_temp,oil_pressure,engine_load,vehicle_speed,gear
2026-01-01 00:00:00,ENG-01,88.06,1.809,45.04,2859.8,25,88.1,45.04,42.1,55.4,3
2026-01-01 01:00:00,ENG-01,87.11,1.932,44.36,2872.8,23,87.1,44.36,44.1,48.9,3
2026-01-01 02:00:00,ENG-01,87.11,1.941,44.32,2873.8,23,87.1,44.32,44.2,48.7,3
2026-01-01 03:00:00,ENG-01,89.43,2.0,45.83,2941.1,21,89.4,45.83,45.1,64.0,4
2026-01-01 04:00:00,ENG-01,90.94,2.21,46.79,3033.3,21,90.9,46.79,48.4,73.8,4
2026-01-01 05:00:00,ENG-01,87.9,1.857,44.72,2862.7,23,87.9,44.72,42.7,53.4,3
2026-01-01 06:00:00,ENG-01,89.01,1.943,45.41,2910.7,22,89.0,45.41,44.0,60.6,3
2026-01-01 07:00:00,ENG-01,87.93,1.87,44.65,2864.2,24,87.9,44.65,42.8,53.2,3
2026-01-01 08:00:00,ENG-01,86.66,2.054,43.77,2887.6,21,86.7,43.77,45.7,44.6,2
2026-01-01 09:00:00,ENG-01,87.05,2.009,43.98,2881.7,22,87.1,43.98,44.9,47.0,3
2026-01-01 10:00:00,ENG-01,86.82,2.049,43.79,2886.8,24,86.8,43.79,45.5,45.2,3
2026-01-01 11:00:00,ENG-01,85.63,2.224,42.95,2908.9,22,85.6,42.95,48.3,37.1,2
2026-01-01 12:00:00,ENG-01,89.96,2.079,45.79,2962.1,24,90.0,45.79,45.9,65.8,4
2026-01-01 13:00:00,ENG-01,89.07,1.956,45.16,2905.2,22,89.1,45.16,43.9,59.6,3
2026-01-01 14:00:00,ENG-01,87.86,1.939,44.31,2872.2,25,87.9,44.31,43.6,51.4,3
2026-01-01 15:00:00,ENG-01,88.06,1.92,44.4,2869.7,24,88.1,44.4,43.2,52.5,3
2026-01-01 16:00:00,ENG-01,89.09,1.96,45.04,2902.5,21,89.1,45.04,43.8,59.2,3
2026-01-01 17:00:00,ENG-01,86.18,2.199,43.06,2905.1,22,86.2,43.06,47.6,39.6,2
2026-01-01 18:00:00,ENG-01,87.01,5.085,43.57,2891.3,24,96.3,43.57,45.8,44.9,2
2026-01-01 19:00:00,ENG-01,91.04,2.233,46.21,3020.1,22,91.0,46.21,48.0,71.6,4
2026-01-01 20:00:00,ENG-01,89.71,2.049,45.28,2935.7,23,89.7,45.28,45.0,62.5,3
2026-01-01 21:00:00,ENG-01,86.21,2.229,42.91,2908.5,21,86.2,42.91,47.9,39.0,2
2026-01-01 22:00:00,ENG-01,89.72,2.052,45.2,2933.9,22,89.7,45.2,45.0,62.2,3
2026-01-01 23:00:00,ENG-01,88.21,1.968,44.16,2874.9,21,88.2,44.16,43.6,52.0,3
2026-01-02 00:00:00,ENG-01,87.9,2.02,43.91,2881.4,23,87.9,43.91,44.4,49.7,3
2026-01-02 01:00:00,ENG-01,90.61,2.177,45.67,2985.2,21,90.6,45.67,46.8,67.6,4
2026-01-02 02:00:00,ENG-01,89.83,3.449,45.11,2935.3,25,104.3,45.11,45.1,62.2,3
2026-01-02 03:00:00,ENG-01,89.87,4.529,45.09,2936.5,25,100.2,45.09,45.1,62.3,3
2026-01-02 04:00:00,ENG-01,92.03,2.376,46.49,3069.8,22,92.0,46.49,49.9,76.5,4
2026-01-02 05:00:00,ENG-01,89.67,2.049,44.87,2921.8,25,89.7,44.87,44.6,60.6,3
2026-01-02 06:00:00,ENG-01,87.05,2.189,43.08,2902.4,22,87.1,43.08,46.8,42.9,2
2026-01-02 07:00:00,ENG-01,89.91,2.084,44.95,2934.1,25,89.9,44.95,45.1,61.8,3
2026-01-02 08:00:00,ENG-01,86.04,2.347,42.33,2922.3,25,86.0,42.33,49.2,35.8,2
2026-01-02 09:00:00,ENG-01,89.39,2.012,44.52,2898.9,21,89.4,44.52,43.8,57.9,3
2026-01-02 10:00:00,ENG-01,92.62,2.462,46.63,3098.7,21,92.6,46.63,51.0,79.3,4
2026-01-02 11:00:00,ENG-01,90.27,2.136,45.02,2951.3,23,90.3,45.02,45.7,63.4,4
2026-01-02 12:00:00,ENG-01,89.8,2.07,44.66,2920.1,22,89.8,44.66,44.6,60.1,3
2026-01-02 13:00:00,ENG-01,89.04,1.974,44.11,2874.0,24,89.0,44.11,43.0,54.8,3
2026-01-02 14:00:00,ENG-01,87.77,2.158,43.22,2897.4,22,87.8,43.22,45.9,46.2,3
2026-01-02 15:00:00,ENG-01,88.96,3.328,43.97,2877.4,23,99.8,43.97,43.4,53.9,3
2026-01-02 16:00:00,ENG-01,91.32,2.285,45.5,3010.0,20,91.3,45.5,47.9,69.5,4
2026-01-02 17:00:00,ENG-01,91.58,2.322,45.63,3024.8,20,91.6,45.63,48.4,71.0,4
2026-01-02 18:00:00,ENG-01,93.0,2.52,46.54,3111.9,21,93.0,46.54,51.5,80.3,4
2026-01-02 19:00:00,ENG-01,86.63,2.359,42.25,2922.6,23,86.6,42.25,48.9,37.6,2
2026-01-02 20:00:00,ENG-01,93.89,4.755,47.05,3164.5,21,102.8,47.05,53.4,85.8,5
2026-01-02 21:00:00,ENG-01,88.81,2.074,43.61,2885.9,21,88.8,43.61,44.3,51.8,3
2026-01-02 22:00:00,ENG-01,89.67,2.059,44.15,2899.2,20,89.7,44.15,44.0,57.3,3
2026-01-02 23:00:00,ENG-01,91.01,2.245,44.99,2981.1,21,91.0,44.99,46.9,66.0,4
2026-01-03 00:00:00,ENG-01,89.97,2.102,44.26,2915.3,22,90.0,44.26,44.6,58.9,3
2026-01-03 01:00:00,ENG-01,90.84,2.224,44.8,2968.2,20,90.8,44.8,46.5,64.6,4
2026-01-03 02:00:00,ENG-01,90.48,2.174,44.52,2944.5,22,90.5,44.52,45.6,62.0,3
2026-01-03 03:00:00,ENG-01,90.93,2.237,44.77,2971.0,23,90.9,44.77,46.6,64.7,4
2026-01-03 04:00:00,ENG-01,89.3,2.066,43.64,2884.1,23,89.3,43.64,43.8,53.7,3
2026-01-03 05:00:00,ENG-01,88.65,2.165,43.17,2896.6,22,88.6,43.17,45.3,49.1,3
2026-01-03 06:00:00,ENG-01,88.57,2.184,43.07,2899.0,24,88.6,43.07,45.6,48.4,3
2026-01-03 07:00:00,ENG-01,88.97,2.137,43.3,2892.8,23,89.0,43.3,44.8,50.9,3
2026-01-03 08:00:00,ENG-01,89.48,2.075,43.59,2884.7,20,89.5,43.59,43.8,54.1,3
2026-01-03 09:00:00,ENG-01,90.68,2.206,44.35,2947.6,21,90.7,44.35,45.8,61.9,3
2026-01-03 10:00:00,ENG-01,88.37,2.247,42.76,2906.5,20,88.4,42.76,46.4,46.3,3
2026-01-03 11:00:00,ENG-01,93.0,2.528,45.81,3088.9,21,93.0,45.81,50.9,77.0,4
2026-01-03 12:00:00,ENG-01,88.26,2.28,42.6,2910.5,20,88.3,42.6,46.8,45.2,3
2026-01-03 13:00:00,ENG-01,90.76,2.219,44.23,2947.4,23,90.8,44.23,45.8,61.7,3
2026-01-03 14:00:00,ENG-01,90.15,2.135,43.78,2907.9,22,90.1,43.78,44.4,57.4,3
2026-01-03 15:00:00,ENG-01,89.52,2.13,43.32,2891.0,21,89.5,43.32,44.3,53.0,3
2026-01-03 16:00:00,ENG-01,90.07,2.125,43.64,2900.3,22,90.1,43.64,44.2,56.5,3
2026-01-03 17:00:00,ENG-01,91.35,2.303,44.45,2978.4,20,91.3,44.45,47.0,64.8,4
2026-01-03 18:00:00,ENG-01,90.47,2.182,43.82,2922.5,23,90.5,43.82,45.0,58.8,3
2026-01-03 19:00:00,ENG-01,89.63,2.148,43.22,2892.8,22,89.6,43.22,44.4,53.0,3
2026-01-03 20:00:00,ENG-01,90.66,2.209,43.86,2931.5,22,90.7,43.86,45.3,59.7,3
2026-01-03 21:00:00,ENG-01,87.6,2.448,41.78,2931.0,23,87.6,41.78,49.1,39.1,2
2026-01-03 22:00:00,ENG-01,88.64,2.312,42.43,2913.4,19,88.6,42.43,46.9,45.8,3
2026-01-03 23:00:00,ENG-01,89.03,2.266,42.65,2907.5,21,89.0,42.65,46.1,48.2,3
2026-01-04 00:00:00,ENG-01,89.04,2.274,42.61,2908.3,20,89.0,42.61,46.2,48.1,3
2026-01-04 01:00:00,ENG-01,92.46,2.463,44.85,3037.4,22,92.5,44.85,49.2,70.7,4
2026-01-04 02:00:00,ENG-01,88.03,2.431,41.85,2928.2,21,88.0,41.85,48.6,41.0,2
2026-01-04 03:00:00,ENG-01,93.38,2.591,45.38,3091.8,23,93.4,45.38,51.1,76.5,4
2026-01-04 04:00:00,ENG-01,91.05,2.268,43.78,2945.4,20,91.1,43.78,45.9,60.7,3
2026-01-04 05:00:00,ENG-01,90.76,2.228,43.55,2925.9,21,90.8,43.55,45.2,58.6,3
2026-01-04 06:00:00,ENG-01,91.09,2.274,43.72,2945.1,20,91.1,43.72,45.9,60.6,3
2026-01-04 07:00:00,ENG-01,90.42,2.182,43.23,2902.3,21,90.4,43.23,44.4,56.0,3
2026-01-04 08:00:00,ENG-01,90.91,2.251,43.52,2931.4,23,90.9,43.52,45.4,59.0,3
2026-01-04 09:00:00,ENG-01,88.64,2.407,41.96,2924.3,19,88.6,41.96,47.9,43.7,2
2026-01-04 10:00:00,ENG-01,89.45,2.302,42.46,2910.8,22,89.5,42.46,46.2,48.9,3
2026-01-04 11:00:00,ENG-01,93.44,2.604,45.08,3084.7,23,93.4,45.08,50.9,75.3,4
2026-01-04 12:00:00,ENG-01,89.49,2.314,42.4,2912.1,23,89.5,42.4,46.3,48.8,3
2026-01-04 13:00:00,ENG-01,90.23,2.221,42.85,2900.0,22,90.2,42.85,44.7,53.5,3
2026-01-04 14:00:00,ENG-01,86.31,2.773,40.19,2970.7,19,86.3,40.19,53.5,27.2,2
2026-01-04 15:00:00,ENG-01,89.25,2.373,42.11,2919.3,22,89.3,42.11,47.1,46.6,3
2026-01-04 16:00:00,ENG-01,87.81,2.582,41.11,2946.0,23,87.8,41.11,50.4,36.8,2
2026-01-04 17:00:00,ENG-01,93.56,2.624,44.9,3084.6,19,93.6,44.9,51.0,75.0,4
2026-01-04 18:00:00,ENG-01,92.56,2.485,44.19,3020.7,22,92.6,44.19,48.7,68.1,4
2026-01-04 19:00:00,ENG-01,90.89,2.255,43.03,2915.7,19,90.9,43.03,45.0,56.8,3
2026-01-04 20:00:00,ENG-01,89.88,2.329,42.32,2913.1,23,89.9,42.32,46.1,49.9,3
2026-01-04 21:00:00,ENG-01,89.13,2.442,41.77,2927.5,19,89.1,41.77,47.9,44.6,2
2026-01-04 22:00:00,ENG-01,91.96,2.405,43.62,2978.4,19,92.0,43.62,47.2,63.4,4
2026-01-04 23:00:00,ENG-01,90.36,2.288,42.51,2907.5,20,90.4,42.51,45.3,52.5,3
2026-01-05 00:00:00,ENG-01,92.54,2.487,43.92,3011.8,22,92.5,43.92,48.5,66.8,4
2026-01-05 01:00:00,ENG-01,92.05,2.419,43.55,2980.0,20,92.1,43.55,47.3,63.4,4
2026-01-05 02:00:00,ENG-01,92.11,2.427,43.55,2982.1,20,92.1,43.55,47.4,63.6,4
2026-01-05 03:00:00,ENG-01,92.18,2.439,43.55,2985.5,23,92.2,43.55,47.6,63.9,4
2026-01-05 04:00:00,ENG-01,92.33,2.459,43.61,2993.2,19,92.3,43.61,47.8,64.6,4
2026-01-05 05:00:00,ENG-01,89.79,2.418,41.88,2923.5,22,89.8,41.88,47.1,47.6,3
2026-01-05 06:00:00,ENG-01,93.21,2.583,44.11,3045.5,19,93.2,44.11,49.7,70.1,4
2026-01-05 07:00:00,ENG-01,93.74,2.658,44.42,3077.4,18,93.7,44.42,50.9,73.5,4
2026-01-05 08:00:00,ENG-01,91.9,2.403,43.15,2961.4,21,91.9,43.15,46.7,61.0,3
2026-01-05 09:00:00,ENG-01,93.22,2.586,43.99,3042.1,20,93.2,43.99,49.6,69.6,4
2026-01-05 10:00:00,ENG-01,88.95,2.578,41.1,2943.3,19,89.0,41.1,49.4,41.0,2
2026-01-05 11:00:00,ENG-01,87.66,2.766,40.19,2967.3,18,87.7,40.19,52.4,32.2,2
2026-01-05 12:00:00,ENG-01,91.59,2.361,42.77,2936.4,18,91.6,42.77,45.9,58.2,3
2026-01-05 13:00:00,ENG-01,91.22,4.477,42.48,2912.4,20,102.4,42.48,45.0,55.5,3
2026-01-05 14:00:00,ENG-01,91.44,2.341,42.59,2924.5,20,91.4,42.59,45.5,56.8,3
2026-01-05 15:00:00,ENG-01,89.29,2.573,41.11,2942.2,22,89.3,41.11,49.1,42.3,2
2026-01-05 16:00:00,ENG-01,93.98,2.695,44.19,3080.0,22,94.0,44.19,51.0,73.3,4
2026-01-05 17:00:00,ENG-01,91.87,2.403,42.75,2947.5,20,91.9,42.75,46.3,59.1,3
2026-01-05 18:00:00,ENG-01,91.79,4.828,42.65,2940.9,22,103.5,42.65,46.1,58.3,3
2026-01-05 19:00:00,ENG-01,90.39,2.455,41.67,2926.6,19,90.4,41.67,47.1,48.8,3
2026-01-05 20:00:00,ENG-01,90.94,4.449,42.0,2917.8,20,103.7,42.0,45.9,52.3,3
2026-01-05 21:00:00,ENG-01,97.89,3.242,46.59,3317.0,18,97.9,46.59,59.6,98.5,5
2026-01-05 22:00:00,ENG-01,92.01,3.878,42.62,2949.5,19,104.8,42.62,46.4,59.1,3
2026-01-05 23:00:00,ENG-01,92.26,2.46,42.75,2963.6,18,92.3,42.75,47.0,60.5,3
2026-01-06 00:00:00,ENG-01,94.4,2.759,44.13,3095.7,21,94.4,44.13,51.7,74.6,4
2026-01-06 01:00:00,ENG-01,96.73,3.083,45.64,3239.3,20,96.7,45.64,56.8,90.0,5
2026-01-06 02:00:00,ENG-01,89.89,2.585,41.04,2942.4,21,89.9,41.04,48.8,44.2,2
2026-01-06 03:00:00,ENG-01,93.06,2.575,43.11,3008.5,18,93.1,43.11,48.6,65.1,4
2026-01-06 04:00:00,ENG-01,90.21,2.558,41.17,2938.7,21,90.2,41.17,48.3,45.9,3
2026-01-06 05:00:00,ENG-01,86.59,3.068,38.71,3004.0,20,86.6,38.71,56.4,21.6,1
2026-01-06 06:00:00,ENG-01,90.05,2.596,40.98,2943.4,18,90.1,40.98,48.8,44.5,2
2026-01-06 07:00:00,ENG-01,95.14,2.865,44.33,3132.3,19,95.1,44.33,53.1,78.2,4
2026-01-06 08:00:00,ENG-01,93.29,2.609,43.05,3016.1,21,93.3,43.05,48.9,65.7,4
2026-01-06 09:00:00,ENG-01,92.33,2.476,42.37,2954.9,22,92.3,42.37,46.7,59.1,3
2026-01-06 10:00:00,ENG-01,92.71,2.529,42.58,2977.1,22,92.7,42.58,47.5,61.4,3
2026-01-06 11:00:00,ENG-01,92.12,2.448,42.14,2939.3,21,92.1,42.14,46.2,57.3,3
2026-01-06 12:00:00,ENG-01,90.38,2.603,40.94,2943.6,18,90.4,40.94,48.6,45.5,3
2026-01-06 13:00:00,ENG-01,86.81,3.108,38.51,3008.1,21,86.8,38.51,56.7,21.5,1
2026-01-06 14:00:00,ENG-01,92.88,2.556,42.52,2982.6,17,92.9,42.52,47.8,61.8,3
2026-01-06 15:00:00,ENG-01,92.68,3.571,42.34,2968.7,18,102.7,42.34,47.3,60.3,3
2026-01-06 16:00:00,ENG-01,92.88,2.556,42.43,2979.7,21,92.9,42.43,47.7,61.4,3
2026-01-06 17:00:00,ENG-01,94.51,2.784,43.48,3080.3,17,94.5,43.48,51.3,72.1,4
2026-01-06 18:00:00,ENG-01,88.02,2.982,39.11,2991.4,17,88.0,39.11,54.4,28.6,2
2026-01-06 19:00:00,ENG-01,93.74,2.678,42.88,3029.3,18,93.7,42.88,49.5,66.6,4
2026-01-06 20:00:00,ENG-01,92.43,2.497,41.96,2946.6,17,92.4,41.96,46.5,57.6,3
2026-01-06 21:00:00,ENG-01,91.26,2.557,41.14,2936.7,18,91.3,41.14,47.5,49.7,3
2026-01-06 22:00:00,ENG-01,92.92,2.566,42.2,2974.4,19,92.9,42.2,47.6,60.5,3
2026-01-06 23:00:00,ENG-01,92.1,2.459,41.61,2923.8,21,92.1,41.61,45.8,54.8,3
2026-01-07 00:00:00,ENG-01,93.05,2.585,42.21,2980.1,20,93.1,42.21,47.8,61.0,3
2026-01-07 01:00:00,ENG-01,95.32,2.901,43.67,3119.7,20,95.3,43.67,52.8,75.9,4
2026-01-07 02:00:00,ENG-01,93.99,2.717,42.75,3035.9,18,94.0,42.75,49.8,66.9,4
2026-01-07 03:00:00,ENG-01,90.89,2.661,40.64,2949.3,21,90.9,40.64,48.8,46.0,3
2026-01-07 04:00:00,ENG-01,92.73,2.542,41.82,2954.5,18,92.7,41.82,46.9,58.1,3
2026-01-07 05:00:00,ENG-01,91.22,2.632,40.77,2945.3,20,91.2,40.77,48.3,47.9,3
2026-01-07 06:00:00,ENG-01,95.2,2.888,43.39,3106.0,21,95.2,43.39,52.3,74.2,4
2026-01-07 07:00:00,ENG-01,91.38,2.627,40.79,2944.5,19,91.4,40.79,48.1,48.5,3
2026-01-07 08:00:00,ENG-01,91.49,2.62,40.83,2943.4,20,91.5,40.83,47.9,49.1,3
2026-01-07 09:00:00,ENG-01,93.05,2.59,41.82,2967.8,18,93.0,41.82,47.4,59.3,3
2026-01-07 10:00:00,ENG-01,93.11,2.599,41.82,2970.4,17,93.1,41.82,47.5,59.5,3
2026-01-07 11:00:00,ENG-01,92.09,2.563,41.1,2935.7,17,92.1,41.1,46.9,52.5,3
2026-01-07 12:00:00,ENG-01,92.42,2.525,41.28,2930.8,19,92.4,41.28,46.2,54.5,3
2026-01-07 13:00:00,ENG-01,92.45,2.53,41.25,2931.4,17,92.4,41.25,46.3,54.5,3
2026-01-07 14:00:00,ENG-01,95.17,2.888,43.02,3093.6,21,95.2,43.02,52.0,72.5,4
2026-01-07 15:00:00,ENG-01,93.67,2.681,41.98,2999.0,19,93.7,41.98,48.6,62.3,3
2026-01-07 16:00:00,ENG-01,91.86,2.638,40.73,2944.8,19,91.9,40.73,47.9,50.0,3
2026-01-07 17:00:00,ENG-01,92.84,2.566,41.34,2944.4,20,92.8,41.34,46.7,56.3,3
2026-01-07 18:00:00,ENG-01,92.6,2.552,41.13,2933.6,19,92.6,41.13,46.4,54.5,3
2026-01-07 19:00:00,ENG-01,90.53,2.848,39.71,2971.4,18,90.5,39.71,51.1,40.6,2
2026-01-07 20:00:00,ENG-01,92.94,2.581,41.28,2946.6,21,92.9,41.28,46.8,56.4,3
2026-01-07 21:00:00,ENG-01,94.1,2.743,42.01,3017.6,18,94.1,42.01,49.3,64.0,4
2026-01-07 22:00:00,ENG-01,90.12,2.931,39.31,2981.7,18,90.1,39.31,52.3,37.2,2
2026-01-07 23:00:00,ENG-01,91.92,2.689,40.47,2950.5,21,91.9,40.47,48.4,49.1,3
2026-01-01 00:00:00,ENG-02,85.4,2.161,43.27,2902.2,26,85.4,43.27,47.8,37.7,2
2026-01-01 01:00:00,ENG-02,86.7,1.996,44.06,2880.9,24,86.7,44.06,45.1,46.0,3
2026-01-01 02:00:00,ENG-02,85.37,2.195,43.1,2906.2,24,85.4,43.1,48.2,36.8,2
2026-01-01 03:00:00,ENG-02,85.06,2.253,42.82,2913.3,21,85.1,42.82,49.0,34.4,2
2026-01-01 04:00:00,ENG-02,88.46,1.868,45.01,2875.7,22,88.5,45.01,42.8,56.8,3
2026-01-01 05:00:00,ENG-02,87.43,1.954,44.25,2874.7,25,87.4,44.25,44.1,49.5,3
2026-01-01 06:00:00,ENG-02,89.11,1.96,45.3,2911.3,23,89.1,45.3,44.1,60.4,3
2026-01-01 07:00:00,ENG-02,90.29,2.125,46.01,2982.7,21,90.3,46.01,46.6,68.0,4
2026-01-01 08:00:00,ENG-02,88.88,1.93,44.99,2892.3,24,88.9,44.99,43.4,58.2,3
2026-01-01 09:00:00,ENG-02,85.05,2.343,42.37,2923.7,21,85.1,42.37,50.0,32.3,2
2026-01-01 10:00:00,ENG-02,86.59,2.144,43.32,2898.1,23,86.6,43.32,46.7,42.3,2
2026-01-01 11:00:00,ENG-02,88.8,1.922,44.72,2880.8,24,88.8,44.72,43.1,56.7,3
2026-01-01 12:00:00,ENG-02,84.07,2.524,41.49,2946.3,23,84.1,41.49,52.6,24.8,1
2026-01-01 13:00:00,ENG-02,87.34,2.085,43.6,2889.9,22,87.3,43.6,45.5,46.3,3
2026-01-01 14:00:00,ENG-02,90.0,2.091,45.3,2948.3,22,90.0,45.3,45.5,63.7,4
2026-01-01 15:00:00,ENG-02,91.19,3.372,46.02,3019.9,22,99.2,46.02,48.1,71.3,4
2026-01-01 16:00:00,ENG-02,86.02,2.312,42.5,2918.3,23,86.0,42.5,48.9,36.5,2
2026-01-01 17:00:00,ENG-02,86.61,2.245,42.82,2909.6,24,86.6,42.82,47.7,40.1,2
2026-01-01 18:00:00,ENG-02,88.14,2.047,43.77,2884.0,22,88.1,43.77,44.5,50.0,3
2026-01-01 19:00:00,ENG-02,87.2,2.193,43.06,2902.6,22,87.2,43.06,46.7,43.3,2
2026-01-01 20:00:00,ENG-02,86.89,2.251,42.78,2909.8,20,86.9,42.78,47.6,40.9,2
2026-01-01 21:00:00,ENG-02,89.69,2.055,44.57,2913.0,22,89.7,44.57,44.4,59.3,3
2026-01-01 22:00:00,ENG-02,88.51,2.055,43.72,2884.2,24,88.5,43.72,44.3,51.1,3
2026-01-01 23:00:00,ENG-02,88.43,2.081,43.59,2887.4,22,88.4,43.59,44.6,50.3,3
2026-01-02 00:00:00,ENG-02,91.28,2.28,45.41,3005.5,20,91.3,45.41,47.7,68.9,4
2026-01-02 01:00:00,ENG-02,89.68,2.059,44.27,2903.6,22,89.7,44.27,44.1,57.9,3
2026-01-02 02:00:00,ENG-02,87.47,2.26,42.72,2909.6,24,87.5,42.72,47.2,42.8,2
2026-01-02 03:00:00,ENG-02,89.88,2.088,44.26,2911.1,23,89.9,44.26,44.4,58.6,3
2026-01-02 04:00:00,ENG-02,90.72,2.206,44.75,2961.4,22,90.7,44.75,46.2,63.9,4
2026-01-02 05:00:00,ENG-02,91.31,2.289,45.07,2995.9,24,91.3,45.07,47.5,67.5,4
2026-01-02 06:00:00,ENG-02,89.29,2.066,43.64,2884.0,21,89.3,43.64,43.8,53.6,3
2026-01-02 07:00:00,ENG-02,90.97,2.244,44.69,2970.2,22,91.0,44.69,46.6,64.5,4
2026-01-02 08:00:00,ENG-02,86.68,2.458,41.76,2933.8,24,86.7,41.76,49.9,35.6,2
2026-01-02 09:00:00,ENG-02,89.35,2.102,43.46,2888.1,23,89.3,43.46,44.2,53.0,3
2026-01-02 10:00:00,ENG-02,90.77,2.219,44.34,2950.9,22,90.8,44.34,45.9,62.2,3
2026-01-02 11:00:00,ENG-02,91.24,2.285,44.58,2977.8,24,91.2,44.58,46.9,65.0,4
2026-01-02 12:00:00,ENG-02,88.38,2.281,42.6,2910.3,23,88.4,42.6,46.8,45.6,3
2026-01-02 13:00:00,ENG-02,91.86,2.374,44.84,3011.9,22,91.9,44.84,48.2,68.5,4
2026-01-02 14:00:00,ENG-02,89.85,2.107,43.42,2887.7,24,89.8,43.42,43.8,54.7,3
2026-01-02 15:00:00,ENG-02,88.31,2.336,42.32,2916.8,20,88.3,42.32,47.4,44.1,2
2026-01-02 16:00:00,ENG-02,90.89,2.241,43.97,2944.3,22,90.9,43.97,45.8,61.0,3
2026-01-02 17:00:00,ENG-02,91.98,2.394,44.62,3010.2,20,92.0,44.62,48.2,67.9,4
2026-01-02 18:00:00,ENG-02,89.08,2.273,42.62,2908.1,21,89.1,42.62,46.1,48.3,3
2026-01-02 19:00:00,ENG-02,89.18,2.273,42.61,2908.0,23,89.2,42.61,46.1,48.6,3
2026-01-02 20:00:00,ENG-02,92.17,2.424,44.53,3015.3,23,92.2,44.53,48.4,68.2,4
2026-01-02 21:00:00,ENG-02,89.86,2.209,42.91,2899.4,23,89.9,42.91,44.9,52.5,3
2026-01-02 22:00:00,ENG-02,89.62,2.257,42.68,2905.4,19,89.6,42.68,45.6,50.5,3
2026-01-02 23:00:00,ENG-02,89.68,2.264,42.65,2906.0,19,89.7,42.65,45.6,50.6,3
2026-01-03 00:00:00,ENG-02,90.37,4.374,43.03,2895.4,23,100.5,43.03,44.2,54.9,3
2026-01-03 01:00:00,ENG-02,87.56,2.588,41.09,2947.1,19,87.6,41.09,50.6,35.8,2
2026-01-03 02:00:00,ENG-02,90.78,2.237,43.16,2915.0,23,90.8,43.16,44.9,57.0,3
2026-01-03 03:00:00,ENG-02,88.36,2.506,41.47,2936.2,22,88.4,41.47,49.1,40.5,2
2026-01-03 04:00:00,ENG-02,90.27,2.256,42.67,2904.1,19,90.3,42.67,45.1,52.9,3
2026-01-03 05:00:00,ENG-02,93.69,4.53,44.88,3089.1,20,106.2,44.88,51.2,75.4,4
2026-01-03 06:00:00,ENG-02,88.67,2.507,41.46,2935.8,19,88.7,41.46,48.9,41.6,2
2026-01-03 07:00:00,ENG-02,92.12,2.427,43.68,2986.8,20,92.1,43.68,47.6,64.2,4
2026-01-03 08:00:00,ENG-02,93.17,2.574,44.31,3049.7,19,93.2,44.31,49.8,70.9,4
2026-01-03 09:00:00,ENG-02,92.25,2.447,43.62,2990.3,21,92.2,43.62,47.7,64.4,4
2026-01-03 10:00:00,ENG-02,89.46,2.457,41.69,2928.5,23,89.5,41.69,47.8,45.5,3
2026-01-03 11:00:00,ENG-02,91.39,2.33,42.9,2932.3,18,91.4,42.9,45.7,58.0,3
2026-01-03 12:00:00,ENG-02,91.85,2.396,43.14,2958.9,18,91.9,43.14,46.6,60.8,3
2026-01-03 13:00:00,ENG-02,91.75,2.382,42.99,2950.0,19,91.7,42.99,46.3,59.8,3
2026-01-03 14:00:00,ENG-02,90.01,2.44,41.76,2925.5,20,90.0,41.76,47.2,47.9,3
2026-01-03 15:00:00,ENG-02,90.55,2.38,42.05,2917.7,18,90.6,42.05,46.1,51.1,3
2026-01-03 16:00:00,ENG-02,94.14,2.717,44.37,3092.1,20,94.1,44.37,51.5,74.7,4
2026-01-03 17:00:00,ENG-02,91.86,2.401,42.77,2947.6,21,91.9,42.77,46.3,59.1,3
2026-01-03 18:00:00,ENG-02,94.19,2.726,44.25,3090.6,21,94.2,44.25,51.4,74.4,4
2026-01-03 19:00:00,ENG-02,94.46,2.765,44.36,3105.2,19,94.5,44.36,52.0,75.9,4
2026-01-03 20:00:00,ENG-02,91.09,2.379,42.04,2916.6,21,91.1,42.04,45.7,53.0,3
2026-01-03 21:00:00,ENG-02,92.02,2.427,42.58,2948.4,20,92.0,42.58,46.4,58.9,3
2026-01-03 22:00:00,ENG-02,93.8,2.676,43.7,3057.3,19,93.8,43.7,50.3,70.5,4
2026-01-03 23:00:00,ENG-02,88.7,2.755,40.22,2964.1,20,88.7,40.22,51.5,36.1,2
2026-01-04 00:00:00,ENG-02,89.91,2.602,40.96,2944.3,21,89.9,40.96,49.0,43.9,2
2026-01-04 01:00:00,ENG-02,91.3,2.424,41.81,2921.3,21,91.3,41.81,46.0,52.8,3
2026-01-04 02:00:00,ENG-02,94.62,2.793,43.94,3098.8,18,94.6,43.94,51.9,74.6,4
2026-01-04 03:00:00,ENG-02,91.39,2.441,41.72,2923.1,19,91.4,41.72,46.1,52.7,3
2026-01-04 04:00:00,ENG-02,89.23,2.757,40.2,2963.3,19,89.2,40.2,51.1,38.0,2
2026-01-04 05:00:00,ENG-02,92.79,2.542,42.5,2978.1,21,92.8,42.5,47.6,61.4,3
2026-01-04 06:00:00,ENG-02,91.05,2.533,41.27,2934.4,18,91.0,41.27,47.4,49.4,3
2026-01-04 07:00:00,ENG-02,92.77,2.542,42.35,2972.8,21,92.8,42.35,47.4,60.6,3
2026-01-04 08:00:00,ENG-02,90.8,2.597,40.96,2942.1,18,90.8,40.96,48.2,47.1,3
2026-01-04 09:00:00,ENG-02,96.11,3.008,44.42,3175.7,17,96.1,44.42,54.7,82.2,5
2026-01-04 10:00:00,ENG-02,92.63,2.526,42.03,2957.1,17,92.6,42.03,46.9,58.7,3
2026-01-04 11:00:00,ENG-02,88.99,2.893,39.53,2979.4,18,89.0,39.53,52.7,34.1,2
2026-01-04 12:00:00,ENG-02,91.97,2.494,41.44,2928.1,17,92.0,41.44,46.3,53.6,3
2026-01-04 13:00:00,ENG-02,94.4,2.775,42.99,3060.5,17,94.4,42.99,50.7,69.5,4
2026-01-04 14:00:00,ENG-02,95.21,2.888,43.45,3108.4,19,95.2,43.45,52.4,74.5,4
2026-01-04 15:00:00,ENG-02,94.16,2.743,42.68,3040.9,21,94.2,42.68,50.0,67.2,4
2026-01-04 16:00:00,ENG-02,90.04,2.821,39.86,2969.2,19,90.0,39.86,51.2,39.4,2
2026-01-04 17:00:00,ENG-02,94.47,2.788,42.74,3055.5,18,94.5,42.74,50.6,68.6,4
2026-01-04 18:00:00,ENG-02,91.1,2.704,40.42,2953.8,18,91.1,40.42,49.1,45.8,3
2026-01-04 19:00:00,ENG-02,90.56,2.794,39.98,2965.1,18,90.6,39.98,50.5,41.9,2
2026-01-04 20:00:00,ENG-02,90.43,2.827,39.82,2969.2,20,90.4,39.82,50.9,40.7,2
2026-01-04 21:00:00,ENG-02,91.85,2.644,40.69,2945.6,19,91.8,40.69,47.9,49.8,3
2026-01-04 22:00:00,ENG-02,93.11,3.923,41.46,2959.2,17,103.2,41.46,47.2,57.9,3
2026-01-04 23:00:00,ENG-02,90.47,2.866,39.63,2973.5,21,90.5,39.63,51.3,40.0,2
2026-01-05 00:00:00,ENG-02,92.22,2.638,40.72,2944.1,18,92.2,40.72,47.6,51.3,3
2026-01-05 01:00:00,ENG-02,95.82,2.984,43.05,3121.2,20,95.8,43.05,53.0,75.0,4
2026-01-05 02:00:00,ENG-02,91.27,2.799,39.94,2964.3,17,91.3,39.94,50.0,44.3,2
2026-01-05 03:00:00,ENG-02,92.36,2.662,40.59,2946.6,18,92.4,40.59,47.7,51.3,3
2026-01-05 04:00:00,ENG-02,93.68,2.69,41.4,2981.3,16,93.7,41.4,48.1,59.7,3
2026-01-05 05:00:00,ENG-02,92.92,2.614,40.82,2940.1,17,92.9,40.82,46.8,54.3,3
2026-01-05 06:00:00,ENG-02,94.66,2.827,41.9,3037.5,20,94.7,41.9,50.1,65.6,4
2026-01-05 07:00:00,ENG-02,97.47,3.219,43.7,3210.2,18,97.5,43.7,56.3,84.0,5
2026-01-05 08:00:00,ENG-02,92.84,2.67,40.54,2946.6,16,92.8,40.54,47.4,52.8,3
2026-01-05 09:00:00,ENG-02,91.25,2.906,39.41,2976.6,17,91.2,39.41,51.1,41.8,2
2026-01-05 10:00:00,ENG-02,91.66,2.864,39.6,2971.1,17,91.7,39.6,50.4,44.2,2
2026-01-05 11:00:00,ENG-02,93.1,2.679,40.49,2947.2,16,93.1,40.49,47.3,53.5,3
2026-01-05 12:00:00,ENG-02,92.38,2.793,39.94,2961.6,18,92.4,39.94,49.1,48.4,3
2026-01-05 13:00:00,ENG-02,92.13,2.843,39.7,2967.8,20,92.1,39.7,49.8,46.3,3
2026-01-05 14:00:00,ENG-02,97.14,3.18,42.97,3173.9,18,97.1,42.97,55.1,79.5,4
2026-01-05 15:00:00,ENG-02,95.89,3.008,42.06,3093.7,18,95.9,42.06,52.3,70.8,4
2026-01-05 16:00:00,ENG-02,91.02,3.042,38.74,2992.6,16,91.0,38.74,52.7,38.0,2
2026-01-05 17:00:00,ENG-02,94.83,2.863,41.21,3023.4,16,94.8,41.21,49.8,63.1,4
2026-01-05 18:00:00,ENG-02,93.8,2.72,40.44,2956.9,18,93.8,40.44,47.4,55.9,3
2026-01-05 19:00:00,ENG-02,91.82,2.974,39.05,2983.4,18,91.8,39.05,51.4,42.3,2
2026-01-05 20:00:00,ENG-02,94.09,2.762,40.49,2970.0,20,94.1,40.49,47.9,57.1,3
2026-01-05 21:00:00,ENG-02,97.2,3.196,42.49,3161.6,15,97.2,42.49,54.8,77.5,4
2026-01-05 22:00:00,ENG-02,90.65,3.181,38.05,3009.3,17,90.7,38.05,54.5,33.5,2
2026-01-05 23:00:00,ENG-02,93.61,2.786,39.94,2958.5,16,93.6,39.94,48.1,52.9,3
2026-01-06 00:00:00,ENG-02,91.35,3.114,38.37,3000.3,19,91.4,38.37,53.3,37.5,2
2026-01-06 01:00:00,ENG-02,93.36,2.85,39.63,2966.4,16,93.4,39.63,49.0,50.6,3
2026-01-06 02:00:00,ENG-02,92.76,2.948,39.16,2978.6,19,92.8,39.16,50.4,46.3,3
2026-01-06 03:00:00,ENG-02,92.91,2.942,39.18,2977.7,19,92.9,39.18,50.3,46.9,3
2026-01-06 04:00:00,ENG-02,93.33,2.899,39.39,2972.0,15,93.3,39.39,49.5,49.4,3
2026-01-06 05:00:00,ENG-02,94.64,2.848,40.19,2983.9,15,94.6,40.19,48.6,57.8,3
2026-01-06 06:00:00,ENG-02,93.81,2.862,39.56,2966.9,15,93.8,39.56,48.7,51.9,3
2026-01-06 07:00:00,ENG-02,97.22,3.208,41.76,3140.0,19,97.2,41.76,54.2,74.3,4
2026-01-06 08:00:00,ENG-02,93.35,2.955,39.11,2978.4,16,93.3,39.11,50.1,48.2,3
2026-01-06 09:00:00,ENG-02,94.5,2.832,39.8,2965.8,17,94.5,39.8,48.0,55.5,3
2026-01-06 10:00:00,ENG-02,91.66,3.219,37.83,3011.8,19,91.7,37.83,54.1,36.3,2
2026-01-06 11:00:00,ENG-02,92.9,3.062,38.59,2991.5,18,92.9,38.59,51.5,44.2,2
2026-01-06 12:00:00,ENG-02,92.54,3.127,38.27,2999.6,15,92.5,38.27,52.5,41.5,2
2026-01-06 13:00:00,ENG-02,94.62,2.853,39.59,2964.3,17,94.6,39.59,48.0,55.0,3
2026-01-06 14:00:00,ENG-02,93.33,3.046,38.65,2988.8,15,93.3,38.65,51.0,46.1,3
2026-01-06 15:00:00,ENG-02,92.55,3.17,38.06,3004.4,17,92.6,38.06,52.9,40.6,2
2026-01-06 16:00:00,ENG-02,92.2,3.233,37.75,3012.4,18,92.2,37.75,53.9,37.9,2
2026-01-06 17:00:00,ENG-02,91.24,3.382,37.04,3031.2,14,91.2,37.04,56.2,31.1,2
2026-01-06 18:00:00,ENG-02,93.36,3.101,38.38,2995.1,16,93.4,38.38,51.6,45.0,2
2026-01-06 19:00:00,ENG-02,97.01,3.192,40.74,3099.7,16,97.0,40.74,52.9,69.0,4
2026-01-06 20:00:00,ENG-02,92.31,3.277,37.53,3017.2,17,92.3,37.53,54.2,37.3,2
2026-01-06 21:00:00,ENG-02,94.46,2.994,38.89,2980.8,16,94.5,38.89,49.6,51.3,3
2026-01-06 22:00:00,ENG-02,95.02,2.931,39.18,2972.5,17,95.0,39.18,48.5,54.7,3
2026-01-06 23:00:00,ENG-02,94.43,3.028,38.72,2984.7,15,94.4,38.72,50.0,50.4,3
2026-01-07 00:00:00,ENG-02,99.08,3.483,41.74,3216.5,17,99.1,41.74,57.2,81.1,5
2026-01-07 01:00:00,ENG-02,94.98,2.981,38.94,2978.3,16,95.0,38.94,49.1,53.4,3
2026-01-07 02:00:00,ENG-02,91.48,3.481,36.53,3042.2,15,91.5,36.53,57.0,29.8,2
2026-01-07 03:00:00,ENG-02,92.93,3.295,37.43,3018.1,14,92.9,37.43,53.9,39.1,2
2026-01-07 04:00:00,ENG-02,94.73,3.059,38.55,2987.7,14,94.7,38.55,50.1,50.8,3
2026-01-07 05:00:00,ENG-02,95.89,3.045,39.25,3006.7,16,95.9,39.25,49.8,58.2,3
2026-01-07 06:00:00,ENG-02,96.68,3.156,39.7,3053.9,18,96.7,39.7,51.5,63.1,4
2026-01-07 07:00:00,ENG-02,93.86,3.225,37.75,3008.3,14,93.9,37.75,52.5,44.0,2
2026-01-07 08:00:00,ENG-02,96.47,3.129,39.41,3036.0,16,96.5,39.41,50.9,61.0,3
2026-01-07 09:00:00,ENG-02,96.46,3.128,39.33,3033.1,16,96.5,39.33,50.8,60.6,3
2026-01-07 10:00:00,ENG-02,97.25,3.24,39.79,3080.4,16,97.3,39.79,52.5,65.6,4
2026-01-07 11:00:00,ENG-02,94.79,4.969,38.07,2998.6,16,108.0,38.07,51.1,48.8,3
2026-01-07 12:00:00,ENG-02,93.75,3.315,37.31,3018.8,17,93.7,37.31,53.5,41.6,2
2026-01-07 13:00:00,ENG-02,96.98,3.205,39.38,3056.3,16,97.0,39.38,51.7,62.8,3
2026-01-07 14:00:00,ENG-02,96.77,3.177,39.17,3041.1,16,96.8,39.17,51.2,61.1,3
2026-01-07 15:00:00,ENG-02,97.79,3.319,39.78,3102.2,14,97.8,39.78,53.4,67.5,4
2026-01-07 16:00:00,ENG-02,96.06,3.08,38.55,2992.2,16,96.1,38.55,49.5,55.6,3
2026-01-07 17:00:00,ENG-02,99.05,3.496,40.47,3176.1,15,99.0,40.47,56.0,75.3,4
2026-01-07 18:00:00,ENG-02,96.71,3.173,38.84,3028.6,14,96.7,38.84,50.8,59.4,3
2026-01-07 19:00:00,ENG-02,98.12,3.37,39.7,3113.9,16,98.1,39.7,53.8,68.4,4
2026-01-07 20:00:00,ENG-02,93.07,3.528,36.26,3044.5,13,93.1,36.26,56.3,34.4,2
2026-01-07 21:00:00,ENG-02,94.4,3.357,37.08,3022.5,16,94.4,37.08,53.5,42.9,2
2026-01-07 22:00:00,ENG-02,94.61,3.343,37.14,3020.5,17,94.6,37.14,53.2,44.0,2
2026-01-07 23:00:00,ENG-02,96.79,3.189,38.52,3022.1,17,96.8,38.52,50.6,58.2,3
2026-01-01 00:00:00,ENG-03,90.64,2.167,46.76,3020.4,25,90.6,46.76,47.9,72.6,4
2026-01-01 01:00:00,ENG-03,88.26,4.728,45.02,2867.6,25,98.3,45.02,42.4,56.1,3
2026-01-01 02:00:00,ENG-03,87.04,1.995,44.05,2880.2,21,87.0,44.05,44.8,47.2,3
2026-01-01 03:00:00,ENG-03,88.77,1.913,45.04,2889.2,23,88.8,45.04,43.3,58.0,3
2026-01-01 04:00:00,ENG-03,92.28,2.403,47.23,3103.1,21,92.3,47.23,51.0,80.7,4
2026-01-01 05:00:00,ENG-03,89.04,1.955,44.92,2896.7,22,89.0,44.92,43.6,58.4,3
2026-01-01 06:00:00,ENG-03,89.46,2.015,45.04,2918.0,21,89.5,45.04,44.4,60.5,3
2026-01-01 07:00:00,ENG-03,86.05,2.29,42.61,2915.8,23,86.0,42.61,48.6,37.1,2
2026-01-01 08:00:00,ENG-03,86.64,2.239,42.85,2908.8,25,86.6,42.85,47.6,40.3,2
2026-01-01 09:00:00,ENG-03,87.24,2.187,43.09,2901.8,22,87.2,43.09,46.6,43.6,2
2026-01-01 10:00:00,ENG-03,91.58,2.319,45.83,3030.9,23,91.6,45.83,48.6,71.9,4
2026-01-01 11:00:00,ENG-03,91.7,2.337,45.76,3033.5,23,91.7,45.76,48.7,72.0,4
2026-01-01 12:00:00,ENG-03,85.51,2.52,41.48,2943.1,24,85.5,41.48,51.5,30.1,2
2026-01-01 13:00:00,ENG-03,91.61,2.329,45.38,3018.1,22,91.6,45.38,48.2,70.0,4
2026-01-01 14:00:00,ENG-03,87.1,2.362,42.22,2922.1,20,87.1,42.22,48.6,39.2,2
2026-01-01 15:00:00,ENG-03,91.11,2.263,44.74,2977.2,21,91.1,44.74,46.8,65.2,4
2026-01-01 16:00:00,ENG-03,94.07,2.677,46.56,3156.7,23,94.1,46.56,53.3,84.3,5
2026-01-01 17:00:00,ENG-03,90.06,2.122,43.73,2902.3,21,90.1,43.73,44.2,56.8,3
2026-01-01 18:00:00,ENG-03,90.76,2.221,44.04,2941.3,21,90.8,44.04,45.7,60.8,3
2026-01-01 19:00:00,ENG-03,90.66,2.21,43.82,2930.5,23,90.7,43.82,45.3,59.5,3
2026-01-01 20:00:00,ENG-03,92.49,2.466,44.88,3039.3,23,92.5,44.88,49.2,71.0,4
2026-01-01 21:00:00,ENG-03,87.36,2.545,41.31,2942.5,21,87.4,41.31,50.3,36.1,2
2026-01-01 22:00:00,ENG-03,88.85,2.368,42.15,2919.5,19,88.9,42.15,47.3,45.3,3
2026-01-01 23:00:00,ENG-03,86.51,2.725,40.43,2964.8,19,86.5,40.43,52.9,29.0,2
2026-01-02 00:00:00,ENG-03,90.66,2.221,43.04,2906.5,19,90.7,43.04,44.6,56.0,3
2026-01-02 01:00:00,ENG-03,86.82,2.744,40.33,2966.4,19,86.8,40.33,52.8,29.7,2
2026-01-02 02:00:00,ENG-03,90.37,2.282,42.54,2906.8,21,90.4,42.54,45.3,52.6,3
2026-01-02 03:00:00,ENG-03,92.39,2.467,43.72,2999.3,23,92.4,43.72,48.0,65.4,4
2026-01-02 04:00:00,ENG-03,92.3,2.456,43.51,2988.8,22,92.3,43.51,47.7,64.1,4
2026-01-02 05:00:00,ENG-03,90.72,2.328,42.3,2911.4,19,90.7,42.3,45.5,52.9,3
2026-01-02 06:00:00,ENG-03,92.76,2.524,43.51,3008.0,21,92.8,43.51,48.4,65.8,4
2026-01-02 07:00:00,ENG-03,90.4,2.434,41.78,2924.2,21,90.4,41.78,46.8,49.4,3
2026-01-02 08:00:00,ENG-03,92.75,2.528,43.19,2998.1,18,92.8,43.19,48.2,64.4,4
2026-01-02 09:00:00,ENG-03,92.78,2.533,43.05,2994.7,21,92.8,43.05,48.1,63.8,4
2026-01-02 10:00:00,ENG-03,90.89,2.46,41.64,2926.2,21,90.9,41.64,46.7,50.5,3
2026-01-02 11:00:00,ENG-03,91.76,2.396,42.06,2921.8,21,91.8,42.06,45.5,55.6,3
2026-01-02 12:00:00,ENG-03,94.39,2.764,43.66,3080.8,19,94.4,43.66,51.3,72.5,4
2026-01-02 13:00:00,ENG-03,91.57,2.46,41.62,2924.9,17,91.6,41.62,46.2,52.9,3
2026-01-02 14:00:00,ENG-03,92.96,2.569,42.39,2981.9,20,93.0,42.39,47.8,61.5,3
2026-01-02 15:00:00,ENG-03,96.12,3.01,44.35,3173.7,20,96.1,44.35,54.7,81.9,5
2026-01-02 16:00:00,ENG-03,93.11,2.594,42.18,2981.5,17,93.1,42.18,47.8,61.1,3
2026-01-02 17:00:00,ENG-03,91.86,2.544,41.2,2934.0,18,91.9,41.2,46.9,52.1,3
2026-01-02 18:00:00,ENG-03,89.68,2.878,39.59,2976.4,17,89.7,39.59,52.0,36.9,2
2026-01-02 19:00:00,ENG-03,90.77,2.757,40.16,2960.5,20,90.8,40.16,49.9,43.5,2
2026-01-02 20:00:00,ENG-03,96.49,3.072,43.81,3172.7,21,96.5,43.81,54.8,80.9,4
2026-01-02 21:00:00,ENG-03,94.73,2.83,42.49,3058.4,17,94.7,42.49,50.8,68.4,4
2026-01-02 22:00:00,ENG-03,93.76,4.861,41.69,2993.5,20,102.2,41.69,48.5,61.3,3
2026-01-02 23:00:00,ENG-03,93.27,2.631,41.2,2957.9,20,93.3,41.2,47.2,57.3,3
2026-01-03 00:00:00,ENG-03,89.71,3.061,38.67,2997.3,18,89.7,38.67,53.9,32.9,2
2026-01-03 01:00:00,ENG-03,93.91,2.725,41.32,2988.6,18,93.9,41.32,48.4,60.2,3
2026-01-03 02:00:00,ENG-03,89.62,3.136,38.3,3006.1,17,89.6,38.3,54.8,30.9,2
2026-01-03 03:00:00,ENG-03,92.76,2.731,40.24,2953.8,20,92.8,40.24,48.2,51.1,3
2026-01-03 04:00:00,ENG-03,94.1,2.757,40.98,2985.6,19,94.1,40.98,48.4,59.3,3
2026-01-03 05:00:00,ENG-03,91.98,2.902,39.41,2974.8,17,92.0,39.41,50.5,44.5,2
2026-01-03 06:00:00,ENG-03,93.8,2.719,40.46,2957.2,16,93.8,40.46,47.5,55.9,3
2026-01-03 07:00:00,ENG-03,93.3,2.781,39.98,2958.6,19,93.3,39.98,48.3,51.9,3
2026-01-03 08:00:00,ENG-03,92.08,2.982,39.01,2983.8,16,92.1,39.01,51.3,43.1,2
2026-01-03 09:00:00,ENG-03,95.0,2.892,40.8,3017.5,15,95.0,40.8,49.7,61.8,3
2026-01-03 10:00:00,ENG-03,94.79,2.866,40.5,2999.9,19,94.8,40.5,49.1,59.8,3
2026-01-03 11:00:00,ENG-03,88.29,3.602,36.01,3061.9,16,88.3,36.01,60.7,15.7,1
2026-01-03 12:00:00,ENG-03,95.78,3.008,40.85,3051.9,18,95.8,40.85,51.0,65.0,4
2026-01-03 13:00:00,ENG-03,92.09,3.136,38.24,3001.4,15,92.1,38.24,52.9,39.7,2
2026-01-03 14:00:00,ENG-03,89.48,3.53,36.34,3051.5,19,89.5,36.34,59.1,21.5,1
2026-01-03 15:00:00,ENG-03,94.86,2.886,39.77,2980.0,18,94.9,39.77,48.6,56.7,3
2026-01-03 16:00:00,ENG-03,94.47,2.899,39.36,2969.9,17,94.5,39.36,48.6,53.4,3
2026-01-03 17:00:00,ENG-03,92.36,3.224,37.79,3011.0,15,92.4,37.79,53.6,38.7,2
2026-01-03 18:00:00,ENG-03,97.49,3.257,41.06,3129.3,18,97.5,41.06,54.0,72.2,4
2026-01-03 19:00:00,ENG-03,94.06,3.049,38.62,2987.8,15,94.1,38.62,50.5,48.6,3
2026-01-03 20:00:00,ENG-03,97.64,3.283,40.85,3129.4,16,97.6,40.85,54.1,71.8,4
2026-01-03 21:00:00,ENG-03,94.44,3.06,38.56,2988.3,17,94.4,38.56,50.3,49.7,3
2026-01-03 22:00:00,ENG-03,93.23,3.259,37.6,3013.4,15,93.2,37.6,53.3,41.0,2
2026-01-03 23:00:00,ENG-03,96.35,3.111,39.53,3034.7,17,96.4,39.53,50.8,61.1,3
2026-01-04 00:00:00,ENG-03,95.89,3.049,39.06,3001.3,17,95.9,39.06,49.6,57.3,3
2026-01-04 01:00:00,ENG-03,95.6,3.023,38.71,2981.9,17,95.6,38.71,49.0,54.7,3
2026-01-04 02:00:00,ENG-03,96.82,3.182,39.37,3049.3,13,96.8,39.37,51.4,62.1,3
2026-01-04 03:00:00,ENG-03,94.61,3.223,37.74,3006.7,13,94.6,37.74,51.9,46.7,3
2026-01-04 04:00:00,ENG-03,95.74,3.097,38.34,2990.2,16,95.7,38.34,49.7,53.5,3
2026-01-04 05:00:00,ENG-03,95.59,3.149,38.08,2996.5,17,95.6,38.08,50.4,51.8,3
2026-01-04 06:00:00,ENG-03,95.88,3.141,38.12,2994.9,17,95.9,38.12,50.1,53.1,3
2026-01-04 07:00:00,ENG-03,96.25,3.12,38.21,2991.8,14,96.3,38.21,49.6,54.9,3
2026-01-04 08:00:00,ENG-03,93.15,3.582,35.99,3050.5,16,93.2,35.99,56.8,33.5,2
2026-01-04 09:00:00,ENG-03,95.87,3.235,37.65,3005.8,16,95.9,37.65,51.1,50.9,3
2026-01-04 10:00:00,ENG-03,97.27,3.262,38.43,3039.1,15,97.3,38.43,51.3,59.6,3
2026-01-04 11:00:00,ENG-03,98.97,3.499,39.4,3139.8,15,99.0,39.4,55.0,70.2,4
2026-01-04 12:00:00,ENG-03,102.03,3.927,41.29,3325.5,16,102.0,41.29,61.6,89.9,5
2026-01-04 13:00:00,ENG-03,96.26,3.307,37.28,3013.3,16,96.3,37.28,51.5,50.7,3
2026-01-04 14:00:00,ENG-03,97.53,3.305,37.97,3035.6,14,97.5,37.97,51.3,58.4,3
2026-01-04 15:00:00,ENG-03,95.83,3.428,36.69,3027.9,16,95.8,36.69,53.1,46.5,3
2026-01-04 16:00:00,ENG-03,98.2,3.403,38.11,3067.8,16,98.2,38.11,52.6,61.5,3
2026-01-04 17:00:00,ENG-03,97.74,3.341,37.65,3034.3,14,97.7,37.65,51.4,57.8,3
2026-01-04 18:00:00,ENG-03,97.82,3.354,37.54,3034.4,15,97.8,37.54,51.4,57.6,3
2026-01-04 19:00:00,ENG-03,97.55,3.319,37.21,3012.9,12,97.5,37.21,50.7,55.1,3
2026-01-04 20:00:00,ENG-03,97.22,3.391,36.84,3021.2,15,97.2,36.84,51.7,52.2,3
2026-01-04 21:00:00,ENG-03,99.0,3.524,37.86,3093.4,14,99.0,37.86,53.6,63.4,4
2026-01-04 22:00:00,ENG-03,96.75,3.519,36.21,3036.6,13,96.8,36.21,53.4,47.7,3
2026-01-04 23:00:00,ENG-03,98.39,3.444,37.15,3046.2,11,98.4,37.15,52.0,57.9,3
2026-01-05 00:00:00,ENG-03,97.72,3.447,36.55,3026.6,12,97.7,36.55,51.9,52.7,3
2026-01-05 01:00:00,ENG-03,96.39,3.663,35.5,3053.8,15,96.4,35.5,55.2,43.2,2
2026-01-05 02:00:00,ENG-03,97.08,3.598,35.81,3045.0,12,97.1,35.81,54.0,47.1,3
2026-01-05 03:00:00,ENG-03,98.05,3.495,36.3,3031.4,14,98.0,36.3,52.1,52.9,3
2026-01-05 04:00:00,ENG-03,98.53,3.474,36.46,3030.6,13,98.5,36.46,51.6,55.3,3
2026-01-05 05:00:00,ENG-03,98.8,3.514,36.49,3043.1,11,98.8,36.49,52.1,56.5,3
2026-01-05 06:00:00,ENG-03,100.19,3.709,37.26,3124.6,13,100.2,37.26,55.1,65.0,4
2026-01-05 07:00:00,ENG-03,101.36,3.873,37.88,3192.2,10,101.4,37.88,57.5,72.1,4
2026-01-05 08:00:00,ENG-03,99.63,3.635,36.57,3079.8,14,99.6,36.57,53.5,59.9,3
2026-01-05 09:00:00,ENG-03,98.43,3.63,35.62,3046.2,13,98.4,35.62,53.3,51.2,3
2026-01-05 10:00:00,ENG-03,100.96,3.825,37.15,3153.4,11,101.0,37.15,56.2,67.4,4
2026-01-05 11:00:00,ENG-03,98.78,3.644,35.54,3047.2,11,98.8,35.54,53.2,52.1,3
2026-01-05 12:00:00,ENG-03,101.64,3.923,37.3,3186.1,10,101.6,37.3,57.5,70.5,4
2026-01-05 13:00:00,ENG-03,101.98,3.973,37.37,3202.4,13,102.0,37.37,58.1,72.1,4
2026-01-05 14:00:00,ENG-03,101.22,3.869,36.7,3150.2,11,101.2,36.7,56.2,66.3,4
2026-01-05 15:00:00,ENG-03,100.71,5.275,36.21,3113.4,12,116.1,36.21,55.0,62.2,3
2026-01-05 16:00:00,ENG-03,98.9,3.783,34.84,3062.9,9,98.9,34.84,54.5,49.4,3
2026-01-05 17:00:00,ENG-03,100.25,3.741,35.59,3075.5,9,100.3,35.59,53.7,57.8,3
2026-01-05 18:00:00,ENG-03,100.92,3.836,35.88,3112.5,9,100.9,35.88,55.0,61.5,3
2026-01-05 19:00:00,ENG-03,97.02,4.138,33.12,3107.1,12,97.0,33.12,59.7,34.8,2
2026-01-05 20:00:00,ENG-03,101.08,6.109,35.68,3112.8,13,116.1,35.68,55.1,61.2,3
2026-01-05 21:00:00,ENG-03,98.27,4.027,33.64,3092.0,10,98.3,33.64,57.6,41.7,2
2026-01-05 22:00:00,ENG-03,97.64,4.145,33.07,3106.7,12,97.6,33.07,59.3,36.8,2
2026-01-05 23:00:00,ENG-03,98.93,3.996,33.78,3087.3,10,98.9,33.78,56.7,44.8,2
2026-01-06 00:00:00,ENG-03,101.88,3.982,35.59,3143.3,12,101.9,35.59,56.3,63.7,4
2026-01-06 01:00:00,ENG-03,100.0,3.911,34.18,3075.5,9,100.0,34.18,55.0,50.5,3
2026-01-06 02:00:00,ENG-03,100.44,3.88,34.32,3071.1,9,100.4,34.32,54.4,52.8,3
2026-01-06 03:00:00,ENG-03,99.31,4.069,33.41,3094.9,8,99.3,33.41,57.2,44.5,2
2026-01-06 04:00:00,ENG-03,100.03,4.0,33.73,3085.6,10,100.0,33.73,55.9,48.6,3
2026-01-06 05:00:00,ENG-03,101.91,3.997,34.83,3121.1,11,101.9,34.83,55.7,60.4,3
2026-01-06 06:00:00,ENG-03,102.82,4.126,35.28,3173.1,9,102.8,35.28,57.6,65.8,4
2026-01-06 07:00:00,ENG-03,100.68,4.003,33.7,3084.8,8,100.7,33.7,55.5,50.8,3
2026-01-06 08:00:00,ENG-03,96.6,4.601,30.82,3160.9,12,96.6,30.82,64.9,22.9,1
2026-01-06 09:00:00,ENG-03,102.2,4.045,34.4,3119.5,7,102.2,34.4,55.8,59.5,3
2026-01-06 10:00:00,ENG-03,100.99,4.054,33.44,3090.1,9,101.0,33.44,55.8,50.8,3
2026-01-06 11:00:00,ENG-03,102.42,4.081,34.24,3124.1,10,102.4,34.24,56.0,59.7,3
2026-01-06 12:00:00,ENG-03,103.14,4.182,34.56,3163.9,8,103.1,34.56,57.5,63.7,4
2026-01-06 13:00:00,ENG-03,100.79,4.175,32.84,3104.3,8,100.8,32.84,57.2,47.4,3
2026-01-06 14:00:00,ENG-03,100.15,4.295,32.26,3119.2,10,100.2,32.26,59.0,42.4,2
2026-01-06 15:00:00,ENG-03,100.18,4.322,32.12,3122.2,8,100.2,32.12,59.2,41.9,2
2026-01-06 16:00:00,ENG-03,101.49,4.172,32.84,3102.6,10,101.5,32.84,56.6,49.9,3
2026-01-06 17:00:00,ENG-03,100.41,4.353,31.96,3125.3,11,100.4,31.96,59.4,42.1,2
2026-01-06 18:00:00,ENG-03,101.98,4.166,32.86,3101.0,9,102.0,32.86,56.2,51.8,3
2026-01-06 19:00:00,ENG-03,102.56,4.117,33.08,3094.3,8,102.6,33.08,55.2,55.0,3
2026-01-06 20:00:00,ENG-03,102.59,4.144,32.95,3097.4,6,102.6,32.95,55.5,54.5,3
2026-01-06 21:00:00,ENG-03,103.54,4.257,33.43,3145.6,9,103.5,33.43,57.1,60.1,3
2026-01-06 22:00:00,ENG-03,104.45,4.385,33.88,3197.1,9,104.4,33.88,59.0,65.5,4
2026-01-06 23:00:00,ENG-03,104.23,4.357,33.58,3179.1,10,104.2,33.58,58.4,63.4,4
2026-01-07 00:00:00,ENG-03,100.46,4.564,30.91,3149.5,8,100.5,30.91,61.5,37.5,2
2026-01-07 01:00:00,ENG-03,101.16,7.163,31.22,3140.6,6,116.7,31.22,60.3,41.5,2
2026-01-07 02:00:00,ENG-03,102.99,4.276,32.28,3111.8,10,103.0,32.28,56.6,52.9,3
2026-01-07 03:00:00,ENG-03,107.11,4.765,34.87,3338.9,8,107.1,34.87,64.2,79.7,4
2026-01-07 04:00:00,ENG-03,102.47,4.411,31.62,3128.2,9,102.5,31.62,58.4,48.1,3
2026-01-07 05:00:00,ENG-03,105.2,4.504,33.29,3210.4,7,105.2,33.29,59.7,65.6,4
2026-01-07 06:00:00,ENG-03,101.73,4.576,30.82,3148.5,8,101.7,30.82,60.7,41.7,2
2026-01-07 07:00:00,ENG-03,101.41,4.652,30.45,3157.8,5,101.4,30.45,61.7,38.9,2
2026-01-07 08:00:00,ENG-03,104.39,4.398,32.28,3145.5,8,104.4,32.28,57.5,58.1,3
2026-01-07 09:00:00,ENG-03,102.47,4.567,30.85,3146.0,6,102.5,30.85,60.0,44.6,2
2026-01-07 10:00:00,ENG-03,105.55,4.563,32.74,3207.9,8,105.5,32.74,59.8,64.4,4
2026-01-07 11:00:00,ENG-03,101.79,4.723,30.08,3165.2,7,101.8,30.08,62.2,38.7,2
2026-01-07 12:00:00,ENG-03,106.84,4.747,33.3,3279.1,7,106.8,33.3,62.4,71.7,4
2026-01-07 13:00:00,ENG-03,104.36,4.429,31.49,3126.7,6,104.4,31.49,57.1,54.4,3
2026-01-07 14:00:00,ENG-03,107.12,4.79,33.17,3286.6,8,107.1,33.17,62.8,72.1,4
2026-01-07 15:00:00,ENG-03,105.25,4.532,31.77,3165.3,5,105.2,31.77,58.5,58.9,3
2026-01-07 16:00:00,ENG-03,103.37,4.66,30.36,3155.1,7,103.4,30.36,60.3,45.7,3
2026-01-07 17:00:00,ENG-03,104.58,4.523,31.01,3137.1,4,104.6,31.01,58.0,53.1,3
2026-01-07 18:00:00,ENG-03,104.1,4.621,30.54,3149.2,4,104.1,30.54,59.4,49.2,3
2026-01-07 19:00:00,ENG-03,105.65,4.596,31.41,3171.2,8,105.7,31.41,58.8,58.8,3
2026-01-07 20:00:00,ENG-03,104.45,4.635,30.45,3150.2,8,104.4,30.45,59.3,50.1,3
2026-01-07 21:00:00,ENG-03,106.79,4.758,31.86,3232.2,7,106.8,31.86,61.0,65.0,4
2026-01-07 22:00:00,ENG-03,105.4,4.568,30.78,3141.3,7,105.4,30.78,57.8,55.1,3
2026-01-07 23:00:00,ENG-03,102.77,7.202,28.87,3190.7,6,111.4,28.87,64.0,36.8,2
