timestamp,machine_id,temperature,vibration,pressure,rpm,failure_within_days,egt,cht,oil_pressure,oil_temp,flight_hours,altitude,throttle,manifold_pressure
2026-01-01 00:00:00,UAV-01,165.0,1.4,62.0,2450.0,21,680.0,165.0,62.0,88.0,720.0,8536.0,72.0,28.5
2026-01-01 01:00:00,UAV-01,163.7,4.591,61.29,2438.4,21,739.3,163.7,61.29,87.1,720.01,8381.0,71.1,28.36
2026-01-01 02:00:00,UAV-01,163.27,1.537,61.0,2434.0,19,675.3,163.3,61.0,86.8,720.03,8559.0,70.8,28.3
2026-01-01 03:00:00,UAV-01,162.41,1.605,60.51,2425.9,19,673.0,162.4,60.51,86.3,720.04,8496.0,70.2,28.21
2026-01-01 04:00:00,UAV-01,161.24,1.694,59.85,2415.3,21,669.8,161.2,59.85,85.5,720.06,8445.0,69.4,28.08
2026-01-01 05:00:00,UAV-01,159.81,1.8,59.07,2402.6,21,665.9,159.8,59.07,84.5,720.07,8472.0,68.4,27.93
2026-01-01 06:00:00,UAV-01,166.22,1.492,62.21,2455.2,18,683.0,166.2,62.21,88.8,720.09,8519.0,72.6,28.55
2026-01-01 07:00:00,UAV-01,163.85,1.551,60.96,2434.7,20,676.6,163.9,60.96,87.2,720.1,8494.0,71.0,28.31
2026-01-01 08:00:00,UAV-01,160.95,1.756,59.44,2409.6,18,668.8,160.9,59.44,85.2,720.12,8443.0,69.0,28.01
2026-01-01 09:00:00,UAV-01,168.79,3.477,63.3,2474.1,18,752.9,168.8,63.3,90.5,720.13,8403.0,74.2,28.78
2026-01-01 10:00:00,UAV-01,165.33,1.485,61.51,2444.5,18,680.4,165.3,61.51,88.1,720.15,8513.0,71.9,28.42
2026-01-01 11:00:00,UAV-01,165.97,1.484,61.75,2449.0,20,682.1,166.0,61.75,88.6,720.16,8663.0,72.3,28.47
2026-01-01 12:00:00,UAV-01,168.38,1.647,62.9,2468.3,21,688.5,168.4,62.9,90.2,720.17,8514.0,73.9,28.7
2026-01-01 13:00:00,UAV-01,168.16,1.634,62.72,2465.6,22,687.8,168.2,62.72,90.0,720.19,8356.0,73.7,28.67
2026-01-01 14:00:00,UAV-01,167.67,1.603,62.41,2460.7,19,686.5,167.7,62.41,89.7,720.2,8477.0,73.3,28.61
2026-01-01 15:00:00,UAV-01,168.01,1.627,62.51,2462.7,22,687.3,168.0,62.51,89.9,720.22,8673.0,73.5,28.63
2026-01-01 16:00:00,UAV-01,166.68,1.541,61.78,2450.8,22,683.8,166.7,61.78,89.0,720.23,8444.0,72.6,28.49
2026-01-01 17:00:00,UAV-01,164.4,1.622,60.57,2431.0,18,677.6,164.4,60.57,87.5,720.25,8476.0,71.0,28.25
2026-01-01 18:00:00,UAV-01,169.64,1.742,63.13,2473.8,18,691.6,169.6,63.13,91.0,720.26,8341.0,74.5,28.76
2026-01-01 19:00:00,UAV-01,160.3,1.917,58.39,2395.1,21,666.6,160.3,58.39,84.7,720.28,8444.0,68.2,27.82
2026-01-01 20:00:00,UAV-01,170.11,1.776,63.23,2476.1,21,692.7,170.1,63.23,91.3,720.29,8583.0,74.8,28.79
2026-01-01 21:00:00,UAV-01,165.66,1.581,60.94,2438.1,22,680.8,165.7,60.94,88.3,720.31,8683.0,71.7,28.33
2026-01-01 22:00:00,UAV-01,165.56,1.598,60.82,2436.5,19,680.5,165.6,60.82,88.2,720.32,8542.0,71.7,28.31
2026-01-01 23:00:00,UAV-01,163.2,1.767,59.58,2416.0,22,674.2,163.2,59.58,86.6,720.34,8499.0,70.0,28.06
2026-01-02 00:00:00,UAV-01,170.11,1.783,62.96,2472.7,22,692.5,170.1,62.96,91.2,720.35,8578.0,74.6,28.74
2026-01-02 01:00:00,UAV-01,165.65,1.624,60.67,2434.8,22,680.6,165.7,60.67,88.3,720.36,8626.0,71.6,28.29
2026-01-02 02:00:00,UAV-01,168.49,1.679,62.02,2457.6,22,688.1,168.5,62.02,90.1,720.38,8345.0,73.5,28.56
2026-01-02 03:00:00,UAV-01,160.7,1.976,58.06,2391.9,18,667.3,160.7,58.06,84.9,720.39,8463.0,68.3,27.77
2026-01-02 04:00:00,UAV-01,167.37,1.608,61.33,2446.6,21,685.1,167.4,61.33,89.4,720.41,8769.0,72.7,28.42
2026-01-02 05:00:00,UAV-01,167.56,1.622,61.36,2447.4,19,685.5,167.6,61.36,89.5,720.42,8559.0,72.8,28.43
2026-01-02 06:00:00,UAV-01,166.39,1.629,60.71,2436.8,22,682.4,166.4,60.71,88.7,720.44,8584.0,71.9,28.3
2026-01-02 07:00:00,UAV-01,166.84,1.61,60.87,2439.7,18,683.5,166.8,60.87,89.0,720.45,8504.0,72.2,28.34
2026-01-02 08:00:00,UAV-01,167.92,4.738,61.34,2447.9,22,741.5,167.9,61.34,89.7,720.47,8397.0,72.9,28.44
2026-01-02 09:00:00,UAV-01,166.85,1.63,60.74,2438.2,22,683.5,166.9,60.74,89.0,720.48,8260.0,72.2,28.32
2026-01-02 10:00:00,UAV-01,168.37,1.685,61.43,2450.0,18,687.5,168.4,61.43,90.0,720.5,8245.0,73.1,28.46
2026-01-02 11:00:00,UAV-01,169.61,1.77,61.99,2459.5,18,690.7,169.6,61.99,90.8,720.51,8399.0,73.9,28.57
2026-01-02 12:00:00,UAV-01,167.8,1.651,61.02,2443.6,18,685.9,167.8,61.02,89.6,720.52,8316.0,72.7,28.38
2026-01-02 13:00:00,UAV-01,167.28,1.644,60.69,2438.4,19,684.4,167.3,60.69,89.2,720.54,8467.0,72.3,28.32
2026-01-02 14:00:00,UAV-01,164.62,1.833,59.29,2415.4,21,677.3,164.6,59.29,87.5,720.55,8632.0,70.5,28.04
2026-01-02 15:00:00,UAV-01,165.23,1.802,59.53,2419.7,19,678.9,165.2,59.53,87.9,720.57,8425.0,70.9,28.09
2026-01-02 16:00:00,UAV-01,171.45,1.901,62.58,2470.7,19,695.4,171.4,62.58,92.0,720.58,8482.0,75.0,28.7
2026-01-02 17:00:00,UAV-01,165.66,1.795,59.62,2421.7,21,679.9,165.7,59.62,88.1,720.6,8461.0,71.1,28.11
2026-01-02 18:00:00,UAV-01,167.84,1.664,60.64,2438.9,20,685.7,167.8,60.64,89.6,720.61,8455.0,72.5,28.31
2026-01-02 19:00:00,UAV-01,165.46,1.83,59.38,2418.3,18,679.3,165.5,59.38,88.0,720.63,8698.0,70.9,28.07
2026-01-02 20:00:00,UAV-01,164.78,1.886,58.98,2411.9,21,677.5,164.8,58.98,87.5,720.64,8540.0,70.4,27.99
2026-01-02 21:00:00,UAV-01,167.39,1.723,60.21,2432.7,19,684.4,167.4,60.21,89.3,720.66,8424.0,72.1,28.24
2026-01-02 22:00:00,UAV-01,170.29,1.834,61.6,2456.1,19,692.0,170.3,61.6,91.2,720.67,8497.0,74.0,28.52
2026-01-02 23:00:00,UAV-01,169.51,1.785,61.14,2448.8,20,689.9,169.5,61.14,90.7,720.69,8435.0,73.5,28.43
2026-01-03 00:00:00,UAV-01,164.89,1.922,58.77,2409.4,21,677.6,164.9,58.77,87.6,720.7,8354.0,70.4,27.95
2026-01-03 01:00:00,UAV-01,169.16,1.765,60.83,2444.2,17,688.9,169.2,60.83,90.4,720.71,8496.0,73.2,28.37
2026-01-03 02:00:00,UAV-01,166.82,3.811,59.6,2423.9,17,722.7,166.8,59.6,88.8,720.73,8576.0,71.6,28.12
2026-01-03 03:00:00,UAV-01,170.46,3.687,61.35,2453.4,17,745.9,170.5,61.35,91.3,720.74,8546.0,74.0,28.48
2026-01-03 04:00:00,UAV-01,171.38,1.918,61.75,2460.2,19,694.7,171.4,61.75,91.9,720.76,8483.0,74.6,28.56
2026-01-03 05:00:00,UAV-01,171.04,1.897,61.51,2456.6,18,693.7,171.0,61.51,91.6,720.77,8611.0,74.3,28.51
2026-01-03 06:00:00,UAV-01,173.16,5.461,62.5,2473.4,20,761.4,173.2,62.5,93.0,720.79,8350.0,75.7,28.71
2026-01-03 07:00:00,UAV-01,173.14,2.041,62.43,2472.4,19,699.2,173.1,62.43,93.0,720.8,8363.0,75.6,28.7
2026-01-03 08:00:00,UAV-01,171.2,1.913,61.39,2455.4,18,694.0,171.2,61.39,91.7,720.82,8378.0,74.3,28.5
2026-01-03 09:00:00,UAV-01,163.89,2.085,57.67,2393.6,20,674.5,163.9,57.67,86.8,720.83,8247.0,69.4,27.75
2026-01-03 10:00:00,UAV-01,169.02,1.771,60.17,2435.6,20,688.1,169.0,60.17,90.2,720.85,8471.0,72.8,28.25
2026-01-03 11:00:00,UAV-01,164.41,2.071,57.8,2396.4,21,675.8,164.4,57.8,87.2,720.86,8480.0,69.7,27.78
2026-01-03 12:00:00,UAV-01,164.09,2.104,57.57,2392.8,17,674.9,164.1,57.57,86.9,720.88,8561.0,69.4,27.74
2026-01-03 13:00:00,UAV-01,166.12,1.979,58.52,2408.9,20,680.3,166.1,58.52,88.3,720.89,8421.0,70.7,27.93
2026-01-03 14:00:00,UAV-01,166.49,3.894,58.64,2411.2,17,737.2,166.5,58.64,88.5,720.9,8523.0,71.0,27.96
2026-01-03 15:00:00,UAV-01,165.04,2.072,57.85,2398.3,17,677.3,165.0,57.85,87.6,720.92,8607.0,70.0,27.8
2026-01-03 16:00:00,UAV-01,169.24,1.803,59.88,2432.5,21,688.5,169.2,59.88,90.4,720.93,8326.0,72.7,28.21
2026-01-03 17:00:00,UAV-01,169.11,1.823,59.75,2430.5,20,688.0,169.1,59.75,90.3,720.95,8510.0,72.6,28.19
2026-01-03 18:00:00,UAV-01,172.88,2.043,61.57,2461.2,18,698.1,172.9,61.57,92.8,720.96,8497.0,75.1,28.55
2026-01-03 19:00:00,UAV-01,163.58,2.213,56.85,2382.8,18,673.2,163.6,56.85,86.6,720.98,8110.0,68.9,27.61
2026-01-03 20:00:00,UAV-01,173.55,2.092,61.77,2465.1,20,699.8,173.6,61.77,93.2,720.99,8506.0,75.5,28.6
2026-01-03 21:00:00,UAV-01,173.01,2.057,61.44,2459.8,19,698.3,173.0,61.44,92.8,721.01,8519.0,75.1,28.53
2026-01-03 22:00:00,UAV-01,169.53,1.848,59.63,2429.9,20,688.9,169.5,59.63,90.5,721.02,8505.0,72.7,28.17
2026-01-03 23:00:00,UAV-01,170.4,1.887,60.0,2436.4,16,691.2,170.4,60.0,91.1,721.04,8375.0,73.3,28.25
2026-01-04 00:00:00,UAV-01,167.77,1.987,58.62,2413.6,16,684.2,167.8,58.62,89.3,721.05,8631.0,71.5,27.97
2026-01-04 01:00:00,UAV-01,169.87,1.858,59.6,2430.3,18,689.7,169.9,59.6,90.7,721.06,8341.0,72.9,28.17
2026-01-04 02:00:00,UAV-01,174.34,2.155,61.77,2466.7,18,701.6,174.3,61.77,93.7,721.08,8444.0,75.8,28.61
2026-01-04 03:00:00,UAV-01,162.18,2.391,55.62,2364.6,20,669.1,162.2,55.62,85.6,721.09,8530.0,67.7,27.38
2026-01-04 04:00:00,UAV-01,170.34,1.892,59.64,2431.7,17,690.8,170.3,59.64,91.0,721.11,8371.0,73.1,28.19
2026-01-04 05:00:00,UAV-01,173.72,2.119,61.26,2459.1,17,699.8,173.7,61.26,93.2,721.12,8540.0,75.3,28.51
2026-01-04 06:00:00,UAV-01,174.81,2.193,61.74,2467.3,18,702.7,174.8,61.74,94.0,721.14,8433.0,76.0,28.61
2026-01-04 07:00:00,UAV-01,175.0,2.208,61.77,2468.1,19,703.1,175.0,61.77,94.1,721.15,8616.0,76.1,28.62
2026-01-04 08:00:00,UAV-01,172.36,2.034,60.38,2445.3,17,696.1,172.4,60.38,92.3,721.17,8513.0,74.3,28.34
2026-01-04 09:00:00,UAV-01,169.81,1.947,59.04,2423.2,19,689.2,169.8,59.04,90.6,721.18,8507.0,72.6,28.08
2026-01-04 10:00:00,UAV-01,172.16,4.608,60.15,2441.9,17,759.2,172.2,60.15,92.2,721.2,8493.0,74.1,28.3
2026-01-04 11:00:00,UAV-01,170.76,1.932,59.38,2429.5,18,691.7,170.8,59.38,91.2,721.21,8458.0,73.1,28.15
2026-01-04 12:00:00,UAV-01,170.42,1.938,59.15,2425.8,17,690.7,170.4,59.15,91.0,721.23,8605.0,72.9,28.1
2026-01-04 13:00:00,UAV-01,170.03,1.975,58.89,2421.7,20,689.6,170.0,58.89,90.7,721.24,8513.0,72.6,28.05
2026-01-04 14:00:00,UAV-01,170.05,1.985,58.83,2421.1,20,689.6,170.1,58.83,90.7,721.25,8397.0,72.6,28.05
2026-01-04 15:00:00,UAV-01,172.56,2.059,60.02,2441.1,20,696.3,172.6,60.02,92.4,721.27,8683.0,74.2,28.28
2026-01-04 16:00:00,UAV-01,172.7,2.071,60.02,2441.5,20,696.6,172.7,60.02,92.5,721.28,8428.0,74.3,28.29
2026-01-04 17:00:00,UAV-01,167.98,2.155,57.6,2401.3,18,684.0,168.0,57.6,89.3,721.3,8555.0,71.1,27.8
2026-01-04 18:00:00,UAV-01,170.25,4.139,58.67,2419.4,17,732.5,170.3,58.67,90.8,721.31,8476.0,72.6,28.02
2026-01-04 19:00:00,UAV-01,174.93,2.225,60.94,2457.6,18,702.4,174.9,60.94,93.9,721.33,8391.0,75.6,28.48
2026-01-04 20:00:00,UAV-01,175.73,2.28,61.27,2463.5,17,704.5,175.7,61.27,94.5,721.34,8531.0,76.1,28.55
2026-01-04 21:00:00,UAV-01,170.64,2.021,58.66,2420.2,20,690.9,170.6,58.66,91.1,721.36,8429.0,72.7,28.03
2026-01-04 22:00:00,UAV-01,169.33,2.118,57.94,2408.5,20,687.4,169.3,57.94,90.2,721.37,8505.0,71.8,27.88
2026-01-04 23:00:00,UAV-01,168.54,2.182,57.48,2401.0,16,685.2,168.5,57.48,89.7,721.39,8397.0,71.2,27.79
2026-01-05 00:00:00,UAV-01,172.31,2.058,59.3,2431.6,17,695.2,172.3,59.3,92.2,721.4,8475.0,73.7,28.16
2026-01-05 01:00:00,UAV-01,170.6,2.066,58.38,2416.5,18,690.6,170.6,58.38,91.0,721.41,8495.0,72.6,27.98
2026-01-05 02:00:00,UAV-01,171.31,2.029,58.67,2421.7,16,692.5,171.3,58.67,91.5,721.43,8560.0,73.0,28.04
2026-01-05 03:00:00,UAV-01,171.8,2.03,58.84,2424.9,20,693.7,171.8,58.84,91.8,721.44,8298.0,73.3,28.07
2026-01-05 04:00:00,UAV-01,165.86,2.414,55.81,2374.5,19,677.8,165.9,55.81,87.8,721.46,8331.0,69.3,27.47
2026-01-05 05:00:00,UAV-01,171.31,2.061,58.47,2419.2,20,692.3,171.3,58.47,91.5,721.47,8295.0,72.9,28.0
2026-01-05 06:00:00,UAV-01,169.79,2.173,57.64,2405.7,17,688.2,169.8,57.64,90.4,721.49,8576.0,71.9,27.84
2026-01-05 07:00:00,UAV-01,169.56,2.2,57.46,2402.9,18,687.6,169.6,57.46,90.3,721.5,8360.0,71.7,27.81
2026-01-05 08:00:00,UAV-01,171.43,2.085,58.33,2417.7,20,692.5,171.4,58.33,91.5,721.52,8362.0,72.9,27.98
2026-01-05 09:00:00,UAV-01,175.37,2.279,60.23,2449.7,19,703.0,175.4,60.23,94.1,721.53,8628.0,75.5,28.36
2026-01-05 10:00:00,UAV-01,170.68,2.157,57.82,2409.8,15,690.4,170.7,57.82,91.0,721.55,8562.0,72.3,27.88
2026-01-05 11:00:00,UAV-01,171.15,2.137,57.99,2412.9,18,691.6,171.1,57.99,91.3,721.56,8344.0,72.6,27.92
2026-01-05 12:00:00,UAV-01,174.62,2.234,59.66,2440.9,16,700.8,174.6,59.66,93.6,721.58,8477.0,74.9,28.26
2026-01-05 13:00:00,UAV-01,167.1,2.428,55.83,2377.5,17,680.7,167.1,55.83,88.6,721.59,8406.0,69.8,27.49
2026-01-05 14:00:00,UAV-01,173.54,2.166,58.99,2430.3,17,697.9,173.5,58.99,92.9,721.6,8455.0,74.1,28.13
2026-01-05 15:00:00,UAV-01,168.79,2.336,56.55,2389.9,18,685.2,168.8,56.55,89.7,721.62,8388.0,70.9,27.64
2026-01-05 16:00:00,UAV-01,173.89,2.193,59.03,2431.6,18,698.7,173.9,59.03,93.1,721.63,8272.0,74.3,28.14
2026-01-05 17:00:00,UAV-01,176.6,2.375,60.32,2453.3,16,705.9,176.6,60.32,94.9,721.65,8454.0,76.0,28.4
2026-01-05 18:00:00,UAV-01,169.25,2.338,56.58,2391.3,18,686.3,169.3,56.58,90.0,721.66,8804.0,71.1,27.65
2026-01-05 19:00:00,UAV-01,170.76,2.248,57.26,2403.0,15,690.2,170.8,57.26,91.0,721.68,8520.0,72.1,27.79
2026-01-05 20:00:00,UAV-01,171.62,2.202,57.63,2409.4,19,692.5,171.6,57.63,91.5,721.69,8618.0,72.6,27.87
2026-01-05 21:00:00,UAV-01,173.85,4.961,58.68,2427.1,15,746.5,173.8,58.68,93.0,721.71,8375.0,74.1,28.08
2026-01-05 22:00:00,UAV-01,171.29,2.245,57.33,2405.0,18,691.5,171.3,57.33,91.3,721.72,8401.0,72.3,27.81
2026-01-05 23:00:00,UAV-01,169.1,2.402,56.17,2385.9,17,685.6,169.1,56.17,89.8,721.74,8494.0,70.8,27.58
2026-01-06 00:00:00,UAV-01,168.45,2.456,55.78,2379.6,19,683.8,168.4,55.78,89.4,721.75,8500.0,70.4,27.51
2026-01-06 01:00:00,UAV-01,175.66,2.327,59.32,2438.9,18,703.0,175.7,59.32,94.2,721.76,8438.0,75.1,28.22
2026-01-06 02:00:00,UAV-01,170.83,2.318,56.84,2397.8,18,690.1,170.8,56.84,91.0,721.78,8546.0,71.9,27.72
2026-01-06 03:00:00,UAV-01,175.0,2.286,58.85,2431.7,18,701.2,175.0,58.85,93.8,721.79,8481.0,74.6,28.13
2026-01-06 04:00:00,UAV-01,173.16,2.184,57.87,2415.6,15,696.2,173.2,57.87,92.5,721.81,8370.0,73.4,27.93
2026-01-06 05:00:00,UAV-01,176.25,2.373,59.35,2440.5,18,704.4,176.2,59.35,94.6,721.82,8391.0,75.4,28.23
2026-01-06 06:00:00,UAV-01,168.27,2.532,55.29,2373.2,19,683.1,168.3,55.29,89.2,721.84,8578.0,70.1,27.42
2026-01-06 07:00:00,UAV-01,173.33,2.206,57.75,2414.5,17,696.5,173.3,57.75,92.6,721.85,8633.0,73.4,27.92
2026-01-06 08:00:00,UAV-01,170.31,2.418,56.18,2388.5,18,688.4,170.3,56.18,90.6,721.87,8411.0,71.3,27.6
2026-01-06 09:00:00,UAV-01,171.22,2.368,56.57,2395.3,18,690.8,171.2,56.57,91.2,721.88,8413.0,71.9,27.68
2026-01-06 10:00:00,UAV-01,171.44,2.364,56.61,2396.3,17,691.4,171.4,56.61,91.3,721.9,8552.0,72.0,27.69
2026-01-06 11:00:00,UAV-01,170.14,2.461,55.89,2384.6,19,687.8,170.1,55.89,90.4,721.91,8280.0,71.1,27.55
2026-01-06 12:00:00,UAV-01,172.88,2.289,57.2,2406.6,19,695.1,172.9,57.2,92.3,721.92,8529.0,72.9,27.81
2026-01-06 13:00:00,UAV-01,174.06,2.241,57.72,2415.6,16,698.2,174.1,57.72,93.0,721.94,8729.0,73.7,27.92
2026-01-06 14:00:00,UAV-01,169.3,2.549,55.28,2375.2,15,685.5,169.3,55.28,89.9,721.95,8379.0,70.5,27.43
2026-01-06 15:00:00,UAV-01,176.5,2.408,58.81,2434.3,15,704.6,176.5,58.81,94.7,721.97,8385.0,75.2,28.14
2026-01-06 16:00:00,UAV-01,173.04,2.321,57.02,2404.7,19,695.4,173.0,57.02,92.3,721.98,8667.0,72.9,27.79
2026-01-06 17:00:00,UAV-01,170.95,2.471,55.9,2386.4,16,689.7,170.9,55.9,90.9,722.0,8625.0,71.5,27.57
2026-01-06 18:00:00,UAV-01,173.38,2.32,57.05,2405.9,15,696.2,173.4,57.05,92.6,722.01,8319.0,73.1,27.8
2026-01-06 19:00:00,UAV-01,176.77,2.433,58.68,2433.3,18,705.2,176.8,58.68,94.8,722.03,8452.0,75.3,28.13
2026-01-06 20:00:00,UAV-01,168.69,2.654,54.58,2365.2,16,683.6,168.7,54.58,89.4,722.04,8453.0,69.9,27.31
2026-01-06 21:00:00,UAV-01,174.16,2.3,57.24,2409.9,15,698.1,174.2,57.24,93.1,722.06,8365.0,73.5,27.84
2026-01-06 22:00:00,UAV-01,174.39,2.295,57.29,2411.0,14,698.7,174.4,57.29,93.2,722.07,8655.0,73.6,27.85
2026-01-06 23:00:00,UAV-01,172.28,2.447,56.17,2392.5,18,693.0,172.3,56.17,91.8,722.09,8492.0,72.2,27.63
2026-01-07 00:00:00,UAV-01,172.42,2.448,56.17,2392.9,15,693.3,172.4,56.17,91.9,722.1,8493.0,72.2,27.63
2026-01-07 01:00:00,UAV-01,174.4,2.327,57.1,2408.6,17,698.6,174.4,57.1,93.2,722.11,8530.0,73.5,27.82
2026-01-07 02:00:00,UAV-01,172.6,2.458,56.13,2392.7,15,693.7,172.6,56.13,92.0,722.13,8386.0,72.3,27.63
2026-01-07 03:00:00,UAV-01,175.55,2.366,57.54,2416.5,17,701.6,175.5,57.54,93.9,722.14,8499.0,74.2,27.91
2026-01-07 04:00:00,UAV-01,175.11,2.338,57.26,2412.0,14,700.4,175.1,57.26,93.6,722.16,8339.0,73.9,27.86
2026-01-07 05:00:00,UAV-01,168.75,2.746,54.01,2358.2,16,683.4,168.8,54.01,89.4,722.17,8511.0,69.6,27.21
2026-01-07 06:00:00,UAV-01,174.57,2.369,56.85,2405.9,18,698.8,174.6,56.85,93.3,722.19,8449.0,73.5,27.78
2026-01-07 07:00:00,UAV-01,174.3,2.398,56.65,2402.8,15,698.1,174.3,56.65,93.1,722.2,8434.0,73.3,27.74
2026-01-07 08:00:00,UAV-01,171.57,2.591,55.22,2379.2,14,690.7,171.6,55.22,91.2,722.22,8528.0,71.4,27.46
2026-01-07 09:00:00,UAV-01,174.82,2.385,56.78,2405.5,16,699.4,174.8,56.78,93.4,722.23,8447.0,73.5,27.77
2026-01-07 10:00:00,UAV-01,170.32,2.695,54.46,2367.1,18,687.3,170.3,54.46,90.4,722.25,8555.0,70.5,27.31
2026-01-07 11:00:00,UAV-01,176.53,2.445,57.5,2418.1,16,703.8,176.5,57.5,94.5,722.26,8422.0,74.6,27.92
2026-01-07 12:00:00,UAV-01,177.36,2.502,57.85,2424.1,14,706.0,177.4,57.85,95.1,722.27,8552.0,75.1,27.99
2026-01-07 13:00:00,UAV-01,177.13,2.489,57.67,2421.4,17,705.3,177.1,57.67,94.9,722.29,8640.0,74.9,27.96
2026-01-07 14:00:00,UAV-01,176.28,5.764,57.18,2413.5,15,766.3,176.3,57.18,94.3,722.3,8313.0,74.3,27.86
2026-01-07 15:00:00,UAV-01,171.17,2.692,54.56,2370.1,15,689.4,171.2,54.56,90.9,722.32,8344.0,70.9,27.34
2026-01-07 16:00:00,UAV-01,179.53,2.655,58.67,2439.0,14,711.6,179.5,58.67,96.5,722.33,8455.0,76.4,28.17
2026-01-07 17:00:00,UAV-01,180.56,5.613,59.12,2446.7,18,773.3,180.6,59.12,97.2,722.35,8488.0,77.1,28.26
2026-01-07 18:00:00,UAV-01,177.12,2.498,57.33,2417.2,18,705.1,177.1,57.33,94.9,722.36,8547.0,74.8,27.9
2026-01-07 19:00:00,UAV-01,173.6,2.573,55.51,2387.0,17,695.7,173.6,55.51,92.5,722.38,8493.0,72.4,27.54
2026-01-07 20:00:00,UAV-01,177.73,2.542,57.51,2420.7,16,706.6,177.7,57.51,95.3,722.39,8629.0,75.1,27.94
2026-01-07 21:00:00,UAV-01,177.14,2.504,57.14,2414.9,18,705.0,177.1,57.14,94.9,722.41,8380.0,74.7,27.87
2026-01-07 22:00:00,UAV-01,177.86,2.554,57.44,2420.1,14,706.9,177.9,57.44,95.3,722.42,8493.0,75.1,27.93
2026-01-07 23:00:00,UAV-01,175.09,2.517,55.99,2396.1,17,699.4,175.1,55.99,93.5,722.44,8428.0,73.3,27.64
2026-01-01 00:00:00,UAV-02,158.23,1.851,58.62,2393.6,22,662.0,158.2,58.62,83.5,410.0,8460.0,67.5,27.82
2026-01-01 01:00:00,UAV-02,163.3,1.53,61.05,2434.5,22,675.4,163.3,61.05,86.9,410.01,8498.0,70.8,28.31
2026-01-01 02:00:00,UAV-02,156.93,1.972,57.75,2380.1,19,658.3,156.9,57.75,82.6,410.03,8485.0,66.5,27.66
2026-01-01 03:00:00,UAV-02,170.42,1.77,64.39,2491.2,18,694.2,170.4,64.39,91.6,410.04,8636.0,75.5,28.99
2026-01-01 04:00:00,UAV-02,166.33,1.5,62.24,2455.8,22,683.3,166.3,62.24,88.8,410.06,8594.0,72.7,28.56
2026-01-01 05:00:00,UAV-02,168.25,1.631,63.1,2470.5,19,688.3,168.3,63.1,90.1,410.07,8735.0,73.9,28.74
2026-01-01 06:00:00,UAV-02,165.5,1.47,61.61,2446.2,19,680.9,165.5,61.61,88.3,410.09,8524.0,72.0,28.44
2026-01-01 07:00:00,UAV-02,170.16,1.764,63.84,2483.7,21,693.3,170.2,63.84,91.4,410.1,8384.0,75.1,28.89
2026-01-01 08:00:00,UAV-02,165.26,1.52,61.28,2441.6,20,680.1,165.3,61.28,88.1,410.12,8594.0,71.8,28.38
2026-01-01 09:00:00,UAV-02,163.22,1.673,60.16,2423.3,21,674.6,163.2,60.16,86.7,410.13,8540.0,70.3,28.16
2026-01-01 10:00:00,UAV-02,161.5,1.804,59.19,2407.7,19,670.0,161.5,59.19,85.6,410.15,8625.0,69.1,27.97
2026-01-01 11:00:00,UAV-02,164.75,1.605,60.71,2433.4,19,678.6,164.8,60.71,87.7,410.16,8623.0,71.3,28.28
2026-01-01 12:00:00,UAV-02,169.58,1.739,63.02,2472.3,21,691.3,169.6,63.02,90.9,410.18,8391.0,74.4,28.74
2026-01-01 13:00:00,UAV-02,164.29,1.67,60.27,2426.9,20,677.2,164.3,60.27,87.4,410.19,8581.0,70.8,28.2
2026-01-01 14:00:00,UAV-02,163.73,1.725,59.88,2420.9,20,675.6,163.7,59.88,87.0,410.2,8509.0,70.4,28.12
2026-01-01 15:00:00,UAV-02,167.25,1.593,61.53,2448.9,18,684.9,167.2,61.53,89.3,410.22,8610.0,72.7,28.46
2026-01-01 16:00:00,UAV-02,165.4,1.648,60.5,2432.2,20,679.9,165.4,60.5,88.1,410.23,8645.0,71.4,28.25
2026-01-01 17:00:00,UAV-02,167.01,1.583,61.2,2444.3,22,684.1,167.0,61.2,89.1,410.25,8526.0,72.5,28.4
2026-01-01 18:00:00,UAV-02,166.56,1.605,60.87,2439.2,19,682.9,166.6,60.87,88.8,410.26,8383.0,72.1,28.33
2026-01-01 19:00:00,UAV-02,164.55,1.756,59.76,2421.1,19,677.4,164.5,59.76,87.5,410.28,8302.0,70.7,28.12
2026-01-01 20:00:00,UAV-02,169.14,1.733,61.95,2458.1,21,689.6,169.1,61.95,90.5,410.29,8409.0,73.7,28.56
2026-01-01 21:00:00,UAV-02,169.11,1.734,61.83,2456.5,19,689.5,169.1,61.83,90.5,410.31,8460.0,73.6,28.54
2026-01-01 22:00:00,UAV-02,164.69,1.798,59.51,2418.3,21,677.6,164.7,59.51,87.5,410.32,8457.0,70.6,28.08
2026-01-01 23:00:00,UAV-02,167.38,1.635,60.75,2439.5,18,684.7,167.4,60.75,89.3,410.34,8411.0,72.4,28.33
2026-01-02 00:00:00,UAV-02,166.91,1.684,60.41,2434.2,19,683.4,166.9,60.41,89.0,410.35,8584.0,72.0,28.26
2026-01-02 01:00:00,UAV-02,166.54,1.726,60.12,2429.8,19,682.3,166.5,60.12,88.7,410.36,8804.0,71.7,28.21
2026-01-02 02:00:00,UAV-02,167.45,1.682,60.47,2436.1,21,684.7,167.5,60.47,89.3,410.38,8585.0,72.3,28.28
2026-01-02 03:00:00,UAV-02,166.79,1.743,60.04,2429.3,20,682.9,166.8,60.04,88.9,410.39,8645.0,71.8,28.2
2026-01-02 04:00:00,UAV-02,170.01,1.814,61.54,2454.8,17,691.4,170.0,61.54,91.0,410.41,8439.0,73.9,28.5
2026-01-02 05:00:00,UAV-02,169.8,1.803,61.33,2451.7,17,690.7,169.8,61.33,90.9,410.42,8582.0,73.7,28.46
2026-01-02 06:00:00,UAV-02,166.06,1.844,59.35,2419.2,17,680.7,166.1,59.35,88.3,410.44,8577.0,71.1,28.07
2026-01-02 07:00:00,UAV-02,170.37,1.846,61.4,2453.8,21,692.1,170.4,61.4,91.2,410.45,8459.0,74.0,28.48
2026-01-02 08:00:00,UAV-02,169.53,1.794,60.88,2445.5,20,689.8,169.5,60.88,90.6,410.47,8411.0,73.3,28.38
2026-01-02 09:00:00,UAV-02,167.51,1.798,59.76,2427.3,17,684.3,167.5,59.76,89.3,410.48,8223.0,71.9,28.16
2026-01-02 10:00:00,UAV-02,169.4,1.791,60.6,2441.8,19,689.3,169.4,60.6,90.5,410.5,8633.0,73.2,28.33
2026-01-02 11:00:00,UAV-02,163.34,2.11,57.46,2389.9,21,673.1,163.3,57.46,86.5,410.51,8393.0,69.1,27.71
2026-01-02 12:00:00,UAV-02,167.35,1.86,59.36,2422.0,19,683.7,167.4,59.36,89.1,410.52,8510.0,71.7,28.09
2026-01-02 13:00:00,UAV-02,164.43,2.072,57.8,2396.4,21,675.8,164.4,57.8,87.2,410.54,8536.0,69.7,27.78
2026-01-02 14:00:00,UAV-02,168.13,1.843,59.54,2425.9,17,685.6,168.1,59.54,89.6,410.55,8491.0,72.1,28.13
2026-01-02 15:00:00,UAV-02,164.13,2.127,57.43,2391.2,18,674.9,164.1,57.43,87.0,410.57,8496.0,69.4,27.72
2026-01-02 16:00:00,UAV-02,175.23,5.206,62.88,2482.4,20,747.7,175.2,62.88,94.3,410.58,8659.0,76.7,28.81
2026-01-02 17:00:00,UAV-02,169.19,1.824,59.75,2430.7,18,688.2,169.2,59.75,90.3,410.6,8465.0,72.6,28.19
2026-01-02 18:00:00,UAV-02,168.19,1.907,59.15,2421.1,19,685.5,168.2,59.15,89.6,410.61,8490.0,71.9,28.07
2026-01-02 19:00:00,UAV-02,176.45,2.286,63.17,2488.6,21,707.5,176.4,63.17,95.1,410.63,8492.0,77.4,28.88
2026-01-02 20:00:00,UAV-02,171.31,1.946,60.49,2444.5,20,693.7,171.3,60.49,91.7,410.64,8585.0,73.9,28.35
2026-01-02 21:00:00,UAV-02,172.58,2.034,61.02,2453.7,20,697.0,172.6,61.02,92.5,410.66,8532.0,74.7,28.45
2026-01-02 22:00:00,UAV-02,174.59,2.171,61.92,2469.1,17,702.3,174.6,61.92,93.8,410.67,8419.0,76.0,28.64
2026-01-02 23:00:00,UAV-02,174.51,2.168,61.77,2467.1,16,702.0,174.5,61.77,93.8,410.69,8266.0,75.9,28.61
2026-01-03 00:00:00,UAV-02,168.56,1.986,58.69,2416.2,17,686.1,168.6,58.69,89.8,410.7,8580.0,71.9,28.0
2026-01-03 01:00:00,UAV-02,165.53,2.205,57.07,2389.6,20,677.9,165.5,57.07,87.8,410.71,8590.0,69.8,27.68
2026-01-03 02:00:00,UAV-02,168.36,2.033,58.38,2411.9,20,685.4,168.4,58.38,89.6,410.73,8565.0,71.6,27.94
2026-01-03 03:00:00,UAV-02,169.35,1.984,58.77,2418.9,19,688.0,169.4,58.77,90.3,410.74,8320.0,72.2,28.02
2026-01-03 04:00:00,UAV-02,171.69,1.994,59.83,2437.0,16,694.1,171.7,59.83,91.8,410.76,8537.0,73.7,28.24
2026-01-03 05:00:00,UAV-02,166.08,2.237,56.92,2389.0,20,679.1,166.1,56.92,88.1,410.77,8409.0,69.9,27.66
2026-01-03 06:00:00,UAV-02,167.13,2.184,57.34,2396.4,19,681.8,167.1,57.34,88.8,410.79,8552.0,70.6,27.75
2026-01-03 07:00:00,UAV-02,170.74,1.96,59.04,2425.1,18,691.4,170.7,59.04,91.2,410.8,8263.0,72.9,28.09
2026-01-03 08:00:00,UAV-02,170.67,1.982,58.9,2423.2,19,691.1,170.7,58.9,91.1,410.82,8543.0,72.8,28.07
2026-01-03 09:00:00,UAV-02,171.22,1.978,59.07,2426.5,16,692.5,171.2,59.07,91.5,410.83,8648.0,73.2,28.1
2026-01-03 10:00:00,UAV-02,172.39,2.058,59.55,2434.9,18,695.6,172.4,59.55,92.2,410.85,8549.0,73.9,28.2
2026-01-03 11:00:00,UAV-02,170.54,2.042,58.52,2418.2,17,690.6,170.5,58.52,91.0,410.86,8525.0,72.6,28.0
2026-01-03 12:00:00,UAV-02,176.33,2.327,61.31,2465.1,19,705.9,176.3,61.31,94.8,410.88,8513.0,76.4,28.56
2026-01-03 13:00:00,UAV-02,170.69,2.066,58.38,2416.8,16,690.8,170.7,58.38,91.1,410.89,8489.0,72.6,27.98
2026-01-03 14:00:00,UAV-02,171.92,2.038,58.89,2425.7,19,694.0,171.9,58.89,91.9,410.9,8423.0,73.4,28.08
2026-01-03 15:00:00,UAV-02,171.63,2.038,58.64,2422.0,18,693.2,171.6,58.64,91.7,410.92,8617.0,73.1,28.04
2026-01-03 16:00:00,UAV-02,168.83,2.242,57.14,2397.4,17,685.7,168.8,57.14,89.8,410.93,8444.0,71.2,27.74
2026-01-03 17:00:00,UAV-02,168.52,2.28,56.87,2393.4,19,684.7,168.5,56.87,89.6,410.95,8442.0,70.9,27.69
2026-01-03 18:00:00,UAV-02,169.14,2.256,57.07,2397.2,18,686.3,169.1,57.07,90.0,410.96,8385.0,71.3,27.73
2026-01-03 19:00:00,UAV-02,167.84,2.359,56.32,2385.1,16,682.8,167.8,56.32,89.1,410.98,8450.0,70.4,27.59
2026-01-03 20:00:00,UAV-02,171.73,2.117,58.16,2416.2,16,693.1,171.7,58.16,91.7,410.99,8287.0,72.9,27.96
2026-01-03 21:00:00,UAV-02,174.06,3.853,59.22,2434.3,18,751.2,174.1,59.22,93.2,411.01,8491.0,74.4,28.17
2026-01-03 22:00:00,UAV-02,168.99,4.704,56.58,2390.8,17,752.7,169.0,56.58,89.8,411.02,8404.0,71.0,27.65
2026-01-03 23:00:00,UAV-02,175.42,5.719,59.69,2443.0,15,742.5,175.4,59.69,94.1,411.04,8428.0,75.2,28.27
2026-01-04 00:00:00,UAV-02,171.21,2.22,57.48,2406.6,19,691.4,171.2,57.48,91.3,411.05,8490.0,72.4,27.84
2026-01-04 01:00:00,UAV-02,171.35,4.994,57.44,2406.5,15,726.8,171.4,57.44,91.4,411.06,8291.0,72.4,27.83
2026-01-04 02:00:00,UAV-02,176.88,2.403,60.1,2451.2,18,706.4,176.9,60.1,95.0,411.08,8538.0,76.0,28.37
2026-01-04 03:00:00,UAV-02,175.64,2.324,59.37,2439.6,19,703.0,175.6,59.37,94.2,411.09,8752.0,75.2,28.22
2026-01-04 04:00:00,UAV-02,173.9,2.211,58.4,2423.8,18,698.3,173.9,58.4,93.0,411.11,8518.0,74.0,28.03
2026-01-04 05:00:00,UAV-02,172.92,2.192,57.8,2414.2,18,695.6,172.9,57.8,92.4,411.12,8555.0,73.2,27.92
2026-01-04 06:00:00,UAV-02,172.05,3.901,57.26,2405.6,18,758.8,172.0,57.26,91.8,411.14,8537.0,72.6,27.81
2026-01-04 07:00:00,UAV-02,173.4,2.194,57.83,2415.6,17,696.8,173.4,57.83,92.7,411.15,8605.0,73.5,27.93
2026-01-04 08:00:00,UAV-02,172.85,5.704,57.45,2409.7,18,759.3,172.8,57.45,92.3,411.17,8580.0,73.0,27.86
2026-01-04 09:00:00,UAV-02,180.62,2.673,61.23,2473.1,15,715.9,180.6,61.23,97.4,411.18,8743.0,78.2,28.62
2026-01-04 10:00:00,UAV-02,176.01,2.368,58.82,2433.4,16,703.5,176.0,58.82,94.4,411.2,8515.0,75.0,28.14
2026-01-04 11:00:00,UAV-02,169.94,2.494,55.67,2381.4,15,687.2,169.9,55.67,90.3,411.21,8627.0,70.9,27.51
2026-01-04 12:00:00,UAV-02,178.23,2.522,59.71,2449.2,19,709.3,178.2,59.71,95.8,411.23,8522.0,76.4,28.32
2026-01-04 13:00:00,UAV-02,176.32,2.397,58.65,2432.0,16,704.1,176.3,58.65,94.5,411.24,8504.0,75.1,28.11
2026-01-04 14:00:00,UAV-02,172.65,2.364,56.71,2400.1,18,694.3,172.6,56.71,92.1,411.25,8244.0,72.6,27.73
2026-01-04 15:00:00,UAV-02,174.77,2.3,57.67,2416.4,17,699.8,174.8,57.67,93.5,411.27,8508.0,74.0,27.92
2026-01-04 16:00:00,UAV-02,173.06,2.371,56.7,2400.9,16,695.2,173.1,56.7,92.3,411.28,8415.0,72.8,27.73
2026-01-04 17:00:00,UAV-02,173.97,2.328,57.06,2407.1,14,697.6,174.0,57.06,92.9,411.3,8643.0,73.3,27.81
2026-01-04 18:00:00,UAV-02,178.22,2.538,59.07,2441.2,14,708.8,178.2,59.07,95.7,411.31,8423.0,76.1,28.21
2026-01-04 19:00:00,UAV-02,174.46,2.329,57.09,2408.6,15,698.7,174.5,57.09,93.2,411.33,8344.0,73.5,27.82
2026-01-04 20:00:00,UAV-02,177.65,2.506,58.58,2433.8,15,707.2,177.7,58.58,95.3,411.34,8643.0,75.6,28.12
2026-01-04 21:00:00,UAV-02,177.11,2.473,58.2,2428.0,16,705.6,177.1,58.2,95.0,411.36,8423.0,75.2,28.05
2026-01-04 22:00:00,UAV-02,174.98,2.346,57.03,2408.9,17,699.9,175.0,57.03,93.5,411.37,8436.0,73.7,27.82
2026-01-04 23:00:00,UAV-02,175.27,2.356,57.07,2410.0,16,700.6,175.3,57.07,93.7,411.39,8432.0,73.9,27.83
2026-01-05 00:00:00,UAV-02,178.63,2.583,58.64,2436.7,15,709.5,178.6,58.64,95.9,411.4,8526.0,76.1,28.15
2026-01-05 01:00:00,UAV-02,177.16,2.488,57.8,2423.1,18,705.5,177.2,57.8,95.0,411.41,8773.0,75.0,27.98
2026-01-05 02:00:00,UAV-02,177.93,2.542,58.08,2428.2,17,707.5,177.9,58.08,95.5,411.43,8462.0,75.5,28.04
2026-01-05 03:00:00,UAV-02,169.74,2.781,53.88,2358.7,17,685.6,169.7,53.88,90.0,411.44,8384.0,70.0,27.21
2026-01-05 04:00:00,UAV-02,178.08,2.558,57.95,2426.9,16,707.7,178.1,57.95,95.5,411.46,8588.0,75.5,28.02
2026-01-05 05:00:00,UAV-02,177.78,2.541,57.69,2423.0,15,706.9,177.8,57.69,95.3,411.47,8491.0,75.2,27.97
2026-01-05 06:00:00,UAV-02,169.15,2.872,53.27,2349.8,14,683.8,169.2,53.27,89.6,411.49,8576.0,69.4,27.09
2026-01-05 07:00:00,UAV-02,175.35,2.476,56.26,2400.1,18,700.2,175.3,56.26,93.7,411.5,8393.0,73.5,27.7
2026-01-05 08:00:00,UAV-02,173.41,2.622,55.19,2382.6,17,695.0,173.4,55.19,92.4,411.52,8390.0,72.2,27.48
2026-01-05 09:00:00,UAV-02,177.74,2.549,57.25,2417.4,18,706.5,177.7,57.25,95.2,411.53,8623.0,75.0,27.9
2026-01-05 10:00:00,UAV-02,179.5,2.67,58.02,2430.8,15,711.1,179.5,58.02,96.4,411.55,8502.0,76.1,28.06
2026-01-05 11:00:00,UAV-02,179.64,4.451,57.98,2430.6,14,751.9,179.6,57.98,96.5,411.56,8459.0,76.2,28.05
2026-01-05 12:00:00,UAV-02,173.87,2.66,54.99,2381.2,15,695.9,173.9,54.99,92.6,411.57,8623.0,72.3,27.46
2026-01-05 13:00:00,UAV-02,174.2,2.655,55.05,2382.6,16,696.8,174.2,55.05,92.8,411.59,8543.0,72.4,27.47
2026-01-05 14:00:00,UAV-02,175.52,2.584,55.61,2392.3,17,700.2,175.5,55.61,93.7,411.6,8743.0,73.3,27.59
2026-01-05 15:00:00,UAV-02,179.77,2.702,57.62,2426.4,17,711.5,179.8,57.62,96.5,411.62,8421.0,76.0,27.99
2026-01-05 16:00:00,UAV-02,178.31,2.607,56.79,2412.9,14,707.5,178.3,56.79,95.5,411.63,8507.0,75.0,27.83
2026-01-05 17:00:00,UAV-02,171.68,2.892,53.37,2356.4,17,689.7,171.7,53.37,91.1,411.65,8473.0,70.5,27.15
2026-01-05 18:00:00,UAV-02,178.33,4.541,56.59,2410.4,15,743.9,178.3,56.59,95.5,411.66,8413.0,74.9,27.8
2026-01-05 19:00:00,UAV-02,172.08,2.9,53.35,2357.0,17,690.7,172.1,53.35,91.3,411.68,8372.0,70.7,27.15
2026-01-05 20:00:00,UAV-02,174.53,2.753,54.47,2376.1,17,697.1,174.5,54.47,93.0,411.69,8691.0,72.3,27.38
2026-01-05 21:00:00,UAV-02,173.42,2.844,53.81,2365.6,17,694.1,173.4,53.81,92.2,411.71,8536.0,71.5,27.25
2026-01-05 22:00:00,UAV-02,177.46,2.592,55.73,2397.9,17,704.8,177.5,55.73,94.9,411.72,8568.0,74.1,27.64
2026-01-05 23:00:00,UAV-02,178.12,2.615,55.95,2402.1,17,706.5,178.1,55.95,95.3,411.74,8383.0,74.5,27.69
2026-01-06 00:00:00,UAV-02,177.12,2.649,55.35,2392.4,17,703.7,177.1,55.35,94.7,411.75,8600.0,73.8,27.57
2026-01-06 01:00:00,UAV-02,172.02,3.007,52.69,2348.6,14,690.1,172.0,52.69,91.2,411.76,8464.0,70.3,27.04
2026-01-06 02:00:00,UAV-02,177.02,2.69,55.08,2388.9,17,703.3,177.0,55.08,94.6,411.78,8405.0,73.6,27.52
2026-01-06 03:00:00,UAV-02,178.54,2.654,55.74,2400.3,16,707.3,178.5,55.74,95.6,411.79,8793.0,74.6,27.66
2026-01-06 04:00:00,UAV-02,174.96,2.862,53.84,2369.1,17,697.7,175.0,53.84,93.2,411.81,8395.0,72.1,27.28
2026-01-06 05:00:00,UAV-02,175.93,2.814,54.22,2375.9,17,700.2,175.9,54.22,93.8,411.82,8417.0,72.7,27.36
2026-01-06 06:00:00,UAV-02,181.09,2.833,56.7,2417.6,13,713.9,181.1,56.7,97.2,411.84,8455.0,76.1,27.86
2026-01-06 07:00:00,UAV-02,176.51,2.81,54.3,2378.1,17,701.6,176.5,54.3,94.2,411.85,8232.0,73.0,27.38
2026-01-06 08:00:00,UAV-02,176.82,2.806,54.35,2379.4,15,702.4,176.8,54.35,94.4,411.87,8558.0,73.2,27.4
2026-01-06 09:00:00,UAV-02,175.37,2.92,53.52,2365.9,14,698.4,175.4,53.52,93.4,411.88,8604.0,72.2,27.23
2026-01-06 10:00:00,UAV-02,176.69,2.849,54.07,2375.6,15,701.9,176.7,54.07,94.2,411.9,8386.0,73.0,27.35
2026-01-06 11:00:00,UAV-02,183.45,3.004,57.34,2430.6,13,719.8,183.4,57.34,98.7,411.91,8211.0,77.4,28.01
2026-01-06 12:00:00,UAV-02,178.33,2.774,54.68,2386.7,14,706.1,178.3,54.68,95.3,411.93,8473.0,74.0,27.48
2026-01-06 13:00:00,UAV-02,178.61,2.773,54.71,2387.7,15,706.8,178.6,54.71,95.5,411.94,8636.0,74.1,27.49
2026-01-06 14:00:00,UAV-02,179.36,2.74,54.98,2392.6,13,708.7,179.4,54.98,96.0,411.95,8414.0,74.6,27.54
2026-01-06 15:00:00,UAV-02,176.73,2.932,53.56,2369.3,12,701.6,176.7,53.56,94.2,411.97,8423.0,72.7,27.26
2026-01-06 16:00:00,UAV-02,180.62,2.83,55.4,2400.4,16,711.9,180.6,55.4,96.8,411.98,8418.0,75.3,27.63
2026-01-06 17:00:00,UAV-02,175.29,3.062,52.63,2354.7,14,697.7,175.3,52.63,93.2,412.0,8536.0,71.7,27.08
2026-01-06 18:00:00,UAV-02,182.14,2.937,55.95,2410.5,15,715.8,182.1,55.95,97.8,412.01,8527.0,76.2,27.75
2026-01-06 19:00:00,UAV-02,179.26,2.833,54.4,2385.1,15,708.1,179.3,54.4,95.8,412.03,8434.0,74.2,27.44
2026-01-06 20:00:00,UAV-02,178.81,2.88,54.07,2380.0,15,706.8,178.8,54.07,95.5,412.04,8447.0,73.9,27.38
2026-01-06 21:00:00,UAV-02,177.42,2.989,53.27,2367.2,14,703.1,177.4,53.27,94.6,412.06,8478.0,72.9,27.22
2026-01-06 22:00:00,UAV-02,181.31,2.893,55.11,2398.3,13,713.4,181.3,55.11,97.2,412.07,8561.0,75.4,27.6
2026-01-06 23:00:00,UAV-02,179.94,2.855,54.32,2385.5,14,709.6,179.9,54.32,96.3,412.09,8463.0,74.5,27.44
2026-01-07 00:00:00,UAV-02,177.18,3.057,52.83,2361.2,14,702.2,177.2,52.83,94.4,412.1,8661.0,72.6,27.15
2026-01-07 01:00:00,UAV-02,179.07,2.948,53.67,2375.6,16,707.2,179.1,53.67,95.7,412.11,8419.0,73.8,27.32
2026-01-07 02:00:00,UAV-02,178.49,3.004,53.28,2369.5,12,705.5,178.5,53.28,95.3,412.13,8637.0,73.3,27.24
2026-01-07 03:00:00,UAV-02,178.56,3.016,53.2,2368.7,16,705.7,178.6,53.2,95.3,412.14,8259.0,73.3,27.23
2026-01-07 04:00:00,UAV-02,184.03,3.092,55.84,2413.1,15,720.2,184.0,55.84,98.9,412.16,8578.0,76.9,27.76
2026-01-07 05:00:00,UAV-02,186.3,3.246,56.86,2430.6,16,726.2,186.3,56.86,100.4,412.17,8538.0,78.4,27.97
2026-01-07 06:00:00,UAV-02,179.54,3.002,53.38,2373.0,13,708.1,179.5,53.38,95.9,412.19,8627.0,73.8,27.28
2026-01-07 07:00:00,UAV-02,181.6,2.938,54.3,2388.8,16,713.5,181.6,54.3,97.3,412.2,8543.0,75.2,27.46
2026-01-07 08:00:00,UAV-02,179.45,3.043,53.12,2369.5,15,707.7,179.4,53.12,95.8,412.22,8373.0,73.7,27.23
2026-01-07 09:00:00,UAV-02,181.21,2.942,53.89,2382.9,16,712.3,181.2,53.89,97.0,412.23,8512.0,74.8,27.39
2026-01-07 10:00:00,UAV-02,178.95,3.11,52.66,2362.7,12,706.2,178.9,52.66,95.5,412.25,8485.0,73.2,27.14
2026-01-07 11:00:00,UAV-02,184.75,3.159,55.45,2409.7,14,721.6,184.7,55.45,99.3,412.26,8441.0,77.0,27.71
2026-01-07 12:00:00,UAV-02,176.79,3.288,51.37,2342.1,15,700.3,176.8,51.37,94.0,412.27,8389.0,71.7,26.89
2026-01-07 13:00:00,UAV-02,178.78,3.173,52.25,2357.3,11,705.5,178.8,52.25,95.3,412.29,8455.0,73.0,27.07
2026-01-07 14:00:00,UAV-02,183.44,3.081,54.48,2394.9,11,717.9,183.4,54.48,98.4,412.3,8429.0,76.0,27.52
2026-01-07 15:00:00,UAV-02,178.58,3.22,51.94,2353.1,15,704.9,178.6,51.94,95.2,412.32,8694.0,72.7,27.02
2026-01-07 16:00:00,UAV-02,181.13,3.068,53.11,2373.0,13,711.6,181.1,53.11,96.8,412.33,8526.0,74.4,27.26
2026-01-07 17:00:00,UAV-02,182.07,3.022,53.48,2379.5,15,714.0,182.1,53.48,97.5,412.35,8499.0,74.9,27.33
2026-01-07 18:00:00,UAV-02,176.72,3.396,50.7,2333.6,13,699.7,176.7,50.7,93.9,412.36,8482.0,71.3,26.78
2026-01-07 19:00:00,UAV-02,183.15,3.075,53.8,2385.8,11,716.7,183.1,53.8,98.2,412.38,8577.0,75.6,27.4
2026-01-07 20:00:00,UAV-02,181.08,3.139,52.66,2367.3,15,711.2,181.1,52.66,96.8,412.39,8611.0,74.1,27.18
2026-01-07 21:00:00,UAV-02,186.85,3.328,55.44,2414.0,12,726.5,186.8,55.44,100.6,412.41,8483.0,77.9,27.74
2026-01-07 22:00:00,UAV-02,185.26,3.225,54.54,2399.5,11,722.2,185.3,54.54,99.5,412.42,8336.0,76.8,27.56
2026-01-07 23:00:00,UAV-02,181.79,3.144,52.7,2369.2,13,712.8,181.8,52.7,97.2,412.44,8291.0,74.4,27.2
2026-01-01 00:00:00,UAV-03,164.94,4.1,61.97,2449.5,20,745.4,164.9,61.97,88.0,980.0,8607.0,72.0,28.49
2026-01-01 01:00:00,UAV-03,166.43,1.502,62.49,2459.1,18,683.7,166.4,62.49,88.9,980.01,8470.0,72.8,28.61
2026-01-01 02:00:00,UAV-03,170.71,1.793,64.4,2492.0,18,694.9,170.7,64.4,91.8,980.03,8496.0,75.6,29.0
2026-01-01 03:00:00,UAV-03,161.31,1.755,59.48,2410.8,21,669.7,161.3,59.48,85.5,980.04,8356.0,69.2,28.02
2026-01-01 04:00:00,UAV-03,166.59,1.53,61.89,2452.0,22,683.6,166.6,61.89,89.0,980.06,8318.0,72.6,28.51
2026-01-01 05:00:00,UAV-03,165.06,1.578,60.9,2436.4,20,679.4,165.1,60.9,87.9,980.07,8419.0,71.5,28.32
2026-01-01 06:00:00,UAV-03,167.22,1.584,61.76,2451.7,19,685.0,167.2,61.76,89.3,980.09,8577.0,72.8,28.49
2026-01-01 07:00:00,UAV-03,170.15,1.786,63.0,2473.3,22,692.7,170.1,63.0,91.3,980.1,8663.0,74.7,28.75
2026-01-01 08:00:00,UAV-03,162.23,1.876,58.81,2404.4,20,671.4,162.2,58.81,86.0,980.12,8484.0,69.3,27.92
2026-01-01 09:00:00,UAV-03,169.78,1.774,62.37,2464.6,21,691.4,169.8,62.37,91.0,980.13,8457.0,74.2,28.64
2026-01-01 10:00:00,UAV-03,171.61,1.901,63.05,2477.0,21,696.1,171.6,63.05,92.2,980.15,8580.0,75.3,28.78
2026-01-01 11:00:00,UAV-03,170.69,1.846,62.37,2466.5,18,693.5,170.7,62.37,91.5,980.16,8541.0,74.6,28.65
2026-01-01 12:00:00,UAV-03,165.71,1.79,59.65,2422.2,18,680.1,165.7,59.65,88.2,980.17,8445.0,71.1,28.12
2026-01-01 13:00:00,UAV-03,171.54,1.915,62.34,2468.0,18,695.5,171.5,62.34,92.0,980.19,8442.0,74.9,28.66
2026-01-01 14:00:00,UAV-03,174.27,2.103,63.48,2488.0,21,702.6,174.3,63.48,93.8,980.2,8446.0,76.6,28.9
2026-01-01 15:00:00,UAV-03,169.69,1.804,60.97,2447.0,20,690.2,169.7,60.97,90.7,980.22,8415.0,73.5,28.4
2026-01-01 16:00:00,UAV-03,167.18,1.837,59.49,2423.2,20,683.4,167.2,59.49,89.0,980.23,8389.0,71.7,28.11
2026-01-01 17:00:00,UAV-03,166.97,1.888,59.16,2418.7,17,682.7,167.0,59.16,88.9,980.25,8540.0,71.4,28.05
2026-01-01 18:00:00,UAV-03,177.57,2.347,64.23,2504.2,20,710.8,177.6,64.23,95.9,980.26,8415.0,78.4,29.07
2026-01-01 19:00:00,UAV-03,168.95,1.829,59.69,2429.5,20,687.6,168.9,59.69,90.1,980.28,8587.0,72.5,28.17
2026-01-01 20:00:00,UAV-03,173.35,2.078,61.67,2463.5,17,699.2,173.4,61.67,93.1,980.29,8539.0,75.3,28.58
2026-01-01 21:00:00,UAV-03,171.31,1.948,60.43,2443.6,20,693.6,171.3,60.43,91.7,980.31,8570.0,73.9,28.33
2026-01-01 22:00:00,UAV-03,171.26,1.951,60.18,2440.4,16,693.4,171.3,60.18,91.6,980.32,8627.0,73.7,28.29
2026-01-01 23:00:00,UAV-03,165.78,2.186,57.21,2391.9,19,678.6,165.8,57.21,87.9,980.34,8358.0,70.0,27.71
2026-01-02 00:00:00,UAV-03,175.24,2.228,61.72,2467.9,17,703.7,175.2,61.72,94.2,980.35,8398.0,76.2,28.61
2026-01-02 01:00:00,UAV-03,175.84,2.274,61.79,2470.1,16,705.1,175.8,61.79,94.6,980.36,8620.0,76.4,28.64
2026-01-02 02:00:00,UAV-03,170.32,1.993,58.81,2421.3,17,690.2,170.3,58.81,90.9,980.38,8510.0,72.7,28.05
2026-01-02 03:00:00,UAV-03,171.05,1.98,58.95,2424.6,17,692.0,171.0,58.95,91.3,980.39,8693.0,73.0,28.08
2026-01-02 04:00:00,UAV-03,172.15,2.047,59.27,2431.0,16,694.8,172.2,59.27,92.1,980.41,8391.0,73.7,28.15
2026-01-02 05:00:00,UAV-03,171.43,2.028,58.69,2422.1,19,692.7,171.4,58.69,91.6,980.42,8593.0,73.1,28.04
2026-01-02 06:00:00,UAV-03,175.15,4.199,60.32,2450.4,17,752.5,175.2,60.32,94.0,980.44,8428.0,75.4,28.38
2026-01-02 07:00:00,UAV-03,172.72,2.103,58.88,2427.3,18,695.9,172.7,58.88,92.4,980.45,8686.0,73.7,28.1
2026-01-02 08:00:00,UAV-03,173.06,2.132,58.82,2427.3,15,696.6,173.1,58.82,92.6,980.47,8330.0,73.8,28.09
2026-01-02 09:00:00,UAV-03,172.6,2.107,58.37,2420.7,15,695.3,172.6,58.37,92.2,980.48,8474.0,73.4,28.01
2026-01-02 10:00:00,UAV-03,175.39,2.299,59.54,2441.1,15,702.5,175.4,59.54,94.1,980.5,8824.0,75.1,28.25
2026-01-02 11:00:00,UAV-03,174.6,2.252,58.92,2431.7,15,700.3,174.6,58.92,93.5,980.51,8382.0,74.5,28.13
2026-01-02 12:00:00,UAV-03,169.49,2.412,56.14,2386.3,18,686.5,169.5,56.14,90.1,980.52,8475.0,71.0,27.58
2026-01-02 13:00:00,UAV-03,174.67,2.269,58.51,2426.7,15,700.2,174.7,58.51,93.5,980.54,8546.0,74.3,28.06
2026-01-02 14:00:00,UAV-03,169.78,2.465,55.84,2383.2,19,687.0,169.8,55.84,90.2,980.55,8507.0,71.0,27.54
2026-01-02 15:00:00,UAV-03,170.08,2.482,55.76,2382.8,16,687.6,170.1,55.76,90.4,980.57,8441.0,71.0,27.53
2026-01-02 16:00:00,UAV-03,170.06,2.519,55.53,2379.9,19,687.4,170.1,55.53,90.4,980.58,8304.0,70.9,27.49
2026-01-02 17:00:00,UAV-03,180.36,2.673,60.45,2462.8,18,714.7,180.4,60.45,97.2,980.6,8320.0,77.7,28.48
2026-01-02 18:00:00,UAV-03,177.3,2.475,58.69,2434.6,18,706.4,177.3,58.69,95.1,980.61,8474.0,75.5,28.14
2026-01-02 19:00:00,UAV-03,173.77,2.381,56.71,2402.4,14,696.9,173.8,56.71,92.8,980.63,8361.0,73.1,27.75
2026-01-02 20:00:00,UAV-03,176.02,2.402,57.61,2418.3,15,702.7,176.0,57.61,94.2,980.64,8537.0,74.5,27.93
2026-01-02 21:00:00,UAV-03,176.85,2.463,57.79,2422.4,16,704.8,176.8,57.79,94.8,980.66,8569.0,74.9,27.98
2026-01-02 22:00:00,UAV-03,177.34,2.502,57.81,2423.7,17,705.9,177.3,57.81,95.1,980.67,8569.0,75.1,27.99
2026-01-02 23:00:00,UAV-03,176.95,2.482,57.39,2417.6,15,704.7,176.9,57.39,94.8,980.69,8431.0,74.7,27.91
2026-01-03 00:00:00,UAV-03,175.08,2.477,56.23,2399.2,18,699.6,175.1,56.23,93.5,980.7,8590.0,73.4,27.69
2026-01-03 01:00:00,UAV-03,184.0,2.964,60.47,2470.7,18,723.2,184.0,60.47,99.4,980.71,8365.0,79.2,28.54
2026-01-03 02:00:00,UAV-03,180.09,2.709,58.29,2435.3,15,712.6,180.1,58.29,96.8,980.73,8618.0,76.5,28.11
2026-01-03 03:00:00,UAV-03,178.49,2.609,57.26,2419.2,16,708.2,178.5,57.26,95.7,980.74,8414.0,75.3,27.91
2026-01-03 04:00:00,UAV-03,185.33,3.071,60.46,2473.4,15,726.3,185.3,60.46,100.2,980.76,8585.0,79.8,28.56
2026-01-03 05:00:00,UAV-03,181.47,2.82,58.3,2438.4,17,715.9,181.5,58.3,97.6,980.77,8691.0,77.1,28.14
2026-01-03 06:00:00,UAV-03,177.23,2.552,55.96,2400.3,13,704.4,177.2,55.96,94.8,980.79,8356.0,74.1,27.67
2026-01-03 07:00:00,UAV-03,172.42,2.909,53.32,2357.4,14,691.4,172.4,53.32,91.6,980.8,8511.0,70.8,27.15
2026-01-03 08:00:00,UAV-03,177.26,2.623,55.52,2394.9,15,704.2,177.3,55.52,94.8,980.82,8487.0,73.9,27.6
2026-01-03 09:00:00,UAV-03,177.84,2.62,55.59,2397.0,15,705.6,177.8,55.59,95.1,980.83,8645.0,74.2,27.62
2026-01-03 10:00:00,UAV-03,177.19,2.7,55.04,2388.8,14,703.7,177.2,55.04,94.7,980.85,8609.0,73.7,27.52
2026-01-03 11:00:00,UAV-03,174.47,2.918,53.45,2363.2,14,696.3,174.5,53.45,92.8,980.86,8514.0,71.7,27.21
2026-01-03 12:00:00,UAV-03,176.4,2.825,54.19,2376.6,16,701.3,176.4,54.19,94.1,980.88,8527.0,72.9,27.36
2026-01-03 13:00:00,UAV-03,175.18,2.943,53.36,2363.6,15,697.9,175.2,53.36,93.2,980.89,8675.0,72.0,27.2
2026-01-03 14:00:00,UAV-03,180.57,2.814,55.82,2405.6,15,712.1,180.6,55.82,96.8,980.9,8414.0,75.5,27.7
2026-01-03 15:00:00,UAV-03,181.46,2.88,56.04,2410.2,14,714.3,181.5,56.04,97.4,980.92,8460.0,76.0,27.76
2026-01-03 16:00:00,UAV-03,180.44,2.818,55.31,2399.0,16,711.5,180.4,55.31,96.7,980.93,8534.0,75.2,27.62
2026-01-03 17:00:00,UAV-03,178.59,2.862,54.16,2380.7,16,706.4,178.6,54.16,95.4,980.95,8293.0,73.8,27.39
2026-01-03 18:00:00,UAV-03,175.76,3.087,52.52,2354.3,12,698.7,175.8,52.52,93.5,980.96,8483.0,71.8,27.07
2026-01-03 19:00:00,UAV-03,181.61,2.914,55.22,2400.3,15,714.1,181.6,55.22,97.4,980.98,8330.0,75.6,27.62
2026-01-03 20:00:00,UAV-03,177.65,3.034,53.02,2364.5,12,703.4,177.7,53.02,94.7,980.99,8590.0,72.9,27.18
2026-01-03 21:00:00,UAV-03,179.66,2.936,53.8,2378.4,16,708.6,179.7,53.8,96.0,981.01,8676.0,74.1,27.35
2026-01-03 22:00:00,UAV-03,185.44,3.187,56.46,2423.7,15,723.9,185.4,56.46,99.9,981.02,8421.0,77.8,27.89
2026-01-03 23:00:00,UAV-03,185.9,3.224,56.46,2424.8,13,725.0,185.9,56.46,100.1,981.04,8376.0,78.0,27.9
2026-01-04 00:00:00,UAV-03,180.75,2.973,53.66,2379.1,14,711.1,180.7,53.66,96.7,981.05,8512.0,74.5,27.34
2026-01-04 01:00:00,UAV-03,183.02,3.045,54.58,2395.2,13,717.0,183.0,54.58,98.2,981.06,8527.0,75.9,27.53
2026-01-04 02:00:00,UAV-03,182.09,2.988,53.88,2384.6,13,714.3,182.1,53.88,97.5,981.08,8782.0,75.2,27.4
2026-01-04 03:00:00,UAV-03,176.33,3.377,50.78,2333.8,14,698.8,176.3,50.78,93.7,981.09,8350.0,71.2,26.79
2026-01-04 04:00:00,UAV-03,179.48,3.204,52.13,2357.2,15,707.1,179.5,52.13,95.7,981.11,8564.0,73.2,27.06
2026-01-04 05:00:00,UAV-03,181.49,3.106,52.91,2371.2,14,712.3,181.5,52.91,97.0,981.12,8438.0,74.4,27.23
2026-01-04 06:00:00,UAV-03,185.02,3.208,54.45,2397.8,12,721.5,185.0,54.45,99.4,981.14,8578.0,76.7,27.54
2026-01-04 07:00:00,UAV-03,183.83,3.135,53.63,2385.1,13,718.2,183.8,53.63,98.6,981.15,8488.0,75.8,27.39
2026-01-04 08:00:00,UAV-03,191.18,3.631,57.08,2443.5,15,737.7,191.2,57.08,103.4,981.17,8601.0,80.5,28.08
2026-01-04 09:00:00,UAV-03,180.87,3.293,51.7,2354.8,11,710.0,180.9,51.7,96.5,981.18,8391.0,73.6,27.01
2026-01-04 10:00:00,UAV-03,182.48,3.222,52.28,2365.4,13,714.2,182.5,52.28,97.6,981.2,8449.0,74.5,27.14
2026-01-04 11:00:00,UAV-03,183.3,3.203,52.47,2369.5,10,716.2,183.3,52.47,98.1,981.21,8354.0,75.0,27.18
2026-01-04 12:00:00,UAV-03,185.65,3.286,53.41,2386.2,12,722.3,185.6,53.41,99.6,981.23,8715.0,76.4,27.38
2026-01-04 13:00:00,UAV-03,183.61,3.256,52.17,2366.4,12,716.7,183.6,52.17,98.3,981.24,8586.0,74.9,27.14
2026-01-04 14:00:00,UAV-03,180.91,3.472,50.59,2341.1,13,709.4,180.9,50.59,96.4,981.25,8641.0,73.0,26.83
2026-01-04 15:00:00,UAV-03,187.1,3.402,53.46,2389.9,11,725.7,187.1,53.46,100.5,981.27,8654.0,77.1,27.41
2026-01-04 16:00:00,UAV-03,186.29,3.353,52.83,2380.3,13,723.4,186.3,52.83,100.0,981.28,8393.0,76.4,27.29
2026-01-04 17:00:00,UAV-03,184.82,3.321,51.87,2365.3,14,719.4,184.8,51.87,99.0,981.3,8518.0,75.3,27.11
2026-01-04 18:00:00,UAV-03,181.14,3.603,49.81,2331.8,12,709.4,181.1,49.81,96.5,981.31,8743.0,72.7,26.7
2026-01-04 19:00:00,UAV-03,184.62,3.407,51.32,2358.0,14,718.5,184.6,51.32,98.8,981.33,8489.0,75.0,27.01
2026-01-04 20:00:00,UAV-03,187.21,3.439,52.39,2376.8,14,725.3,187.2,52.39,100.5,981.34,8293.0,76.6,27.23
2026-01-04 21:00:00,UAV-03,180.49,3.755,48.81,2318.0,13,707.2,180.5,48.81,96.0,981.36,8622.0,72.0,26.52
2026-01-04 22:00:00,UAV-03,186.06,3.42,51.37,2361.5,11,721.9,186.1,51.37,99.7,981.37,8669.0,75.6,27.04
2026-01-04 23:00:00,UAV-03,191.14,3.719,53.68,2401.0,10,735.3,191.1,53.68,103.0,981.39,8476.0,78.8,27.51
2026-01-05 00:00:00,UAV-03,187.21,3.464,51.49,2365.5,11,724.7,187.2,51.49,100.4,981.4,8445.0,76.1,27.08
2026-01-05 01:00:00,UAV-03,189.78,3.641,52.55,2384.1,13,731.3,189.8,52.55,102.1,981.41,8346.0,77.7,27.3
2026-01-05 02:00:00,UAV-03,186.99,3.504,50.93,2358.1,9,723.8,187.0,50.93,100.2,981.43,8181.0,75.8,26.98
2026-01-05 03:00:00,UAV-03,186.17,3.595,50.3,2348.4,9,721.4,186.2,50.3,99.6,981.44,8690.0,75.1,26.86
2026-01-05 04:00:00,UAV-03,184.5,3.743,49.23,2331.7,9,716.8,184.5,49.23,98.5,981.46,8678.0,73.9,26.66
2026-01-05 05:00:00,UAV-03,188.99,3.613,51.26,2366.3,9,728.7,189.0,51.26,101.4,981.47,8391.0,76.8,27.07
2026-01-05 06:00:00,UAV-03,192.02,3.82,52.54,2388.7,9,736.6,192.0,52.54,103.4,981.49,8616.0,78.7,27.33
2026-01-05 07:00:00,UAV-03,188.1,3.612,50.36,2353.3,13,726.0,188.1,50.36,100.8,981.5,8429.0,75.9,26.9
2026-01-05 08:00:00,UAV-03,188.7,3.611,50.43,2355.5,11,727.4,188.7,50.43,101.2,981.52,8360.0,76.2,26.92
2026-01-05 09:00:00,UAV-03,190.88,3.763,51.3,2370.9,10,733.1,190.9,51.3,102.6,981.53,8483.0,77.6,27.1
2026-01-05 10:00:00,UAV-03,189.21,3.657,50.24,2354.1,11,728.5,189.2,50.24,101.5,981.55,8294.0,76.3,26.9
2026-01-05 11:00:00,UAV-03,187.88,3.772,49.35,2340.2,10,724.8,187.9,49.35,100.5,981.56,8546.0,75.3,26.73
2026-01-05 12:00:00,UAV-03,191.59,3.829,50.98,2368.3,10,734.5,191.6,50.98,103.0,981.58,8503.0,77.7,27.06
2026-01-05 13:00:00,UAV-03,188.72,3.789,49.32,2341.6,12,726.7,188.7,49.32,101.1,981.59,8590.0,75.7,26.74
2026-01-05 14:00:00,UAV-03,187.4,3.913,48.44,2327.8,10,723.0,187.4,48.44,100.2,981.6,8509.0,74.7,26.57
2026-01-05 15:00:00,UAV-03,189.74,3.794,49.38,2344.5,9,729.1,189.7,49.38,101.7,981.62,8465.0,76.1,26.76
2026-01-05 16:00:00,UAV-03,185.43,4.118,47.0,2305.7,9,717.5,185.4,47.0,98.8,981.63,8456.0,73.2,26.29
2026-01-05 17:00:00,UAV-03,187.23,4.035,47.67,2317.9,8,722.1,187.2,47.67,100.0,981.65,8578.0,74.2,26.43
2026-01-05 18:00:00,UAV-03,190.27,3.869,48.97,2340.4,8,730.1,190.3,48.97,102.0,981.66,8661.0,76.2,26.7
2026-01-05 19:00:00,UAV-03,194.49,4.064,50.85,2372.9,7,741.2,194.5,50.85,104.8,981.68,8453.0,78.9,27.09
2026-01-05 20:00:00,UAV-03,192.09,3.91,49.43,2350.0,9,734.6,192.1,49.43,103.1,981.69,8629.0,77.1,26.81
2026-01-05 21:00:00,UAV-03,188.53,4.093,47.42,2317.6,10,725.0,188.5,47.42,100.7,981.71,8366.0,74.7,26.41
2026-01-05 22:00:00,UAV-03,189.28,4.08,47.57,2321.0,8,726.8,189.3,47.57,101.2,981.72,8537.0,75.1,26.45
2026-01-05 23:00:00,UAV-03,193.33,4.011,49.37,2351.9,9,737.5,193.3,49.37,103.9,981.74,8410.0,77.6,26.82
2026-01-06 00:00:00,UAV-03,197.35,6.188,51.16,2382.7,10,796.2,197.4,51.16,106.5,981.75,8540.0,80.2,27.18
2026-01-06 01:00:00,UAV-03,193.38,4.027,48.95,2346.7,9,737.3,193.4,48.95,103.9,981.76,8606.0,77.5,26.75
2026-01-06 02:00:00,UAV-03,192.13,4.035,48.1,2333.5,9,733.8,192.1,48.1,103.0,981.78,8636.0,76.5,26.58
2026-01-06 03:00:00,UAV-03,189.87,4.223,46.74,2311.8,7,727.6,189.9,46.74,101.5,981.79,8400.0,74.9,26.32
2026-01-06 04:00:00,UAV-03,199.76,4.47,51.46,2391.5,11,753.9,199.8,51.46,108.0,981.81,8451.0,81.4,27.27
2026-01-06 05:00:00,UAV-03,192.96,6.619,47.84,2332.0,9,774.8,193.0,47.84,103.5,981.82,8579.0,76.7,26.55
2026-01-06 06:00:00,UAV-03,198.03,4.367,50.15,2371.4,9,749.0,198.0,50.15,106.8,981.84,8533.0,80.0,27.02
2026-01-06 07:00:00,UAV-03,193.53,4.124,47.67,2331.2,8,736.8,193.5,47.67,103.8,981.85,8492.0,76.9,26.53
2026-01-06 08:00:00,UAV-03,187.68,4.551,44.52,2279.6,8,721.1,187.7,44.52,99.9,981.87,8606.0,72.9,25.91
2026-01-06 09:00:00,UAV-03,193.61,4.192,47.26,2326.1,6,736.7,193.6,47.26,103.8,981.88,8473.0,76.7,26.47
2026-01-06 10:00:00,UAV-03,190.79,4.417,45.62,2299.8,10,729.0,190.8,45.62,101.9,981.9,8388.0,74.7,26.15
2026-01-06 11:00:00,UAV-03,193.7,4.259,46.85,2321.3,6,736.6,193.7,46.85,103.8,981.91,8431.0,76.5,26.4
2026-01-06 12:00:00,UAV-03,194.88,4.217,47.22,2328.3,7,739.6,194.9,47.22,104.6,981.92,8642.0,77.2,26.48
2026-01-06 13:00:00,UAV-03,197.81,4.395,48.46,2350.0,8,747.3,197.8,48.46,106.5,981.94,8446.0,79.1,26.73
2026-01-06 14:00:00,UAV-03,191.11,4.541,44.89,2291.3,6,729.3,191.1,44.89,102.0,981.95,8292.0,74.5,26.03
2026-01-06 15:00:00,UAV-03,194.76,4.334,46.49,2318.9,7,738.9,194.8,46.49,104.4,981.97,8438.0,76.8,26.35
2026-01-06 16:00:00,UAV-03,189.56,4.717,43.66,2272.8,5,724.8,189.6,43.66,100.9,981.98,8559.0,73.2,25.8
2026-01-06 17:00:00,UAV-03,194.95,4.394,46.13,2314.9,5,739.1,195.0,46.13,104.5,982.0,8361.0,76.7,26.3
2026-01-06 18:00:00,UAV-03,193.4,4.534,45.13,2299.2,8,734.8,193.4,45.13,103.4,982.01,8499.0,75.6,26.1
2026-01-06 19:00:00,UAV-03,193.66,4.553,45.04,2298.5,8,735.3,193.7,45.04,103.6,982.03,8405.0,75.6,26.09
2026-01-06 20:00:00,UAV-03,198.22,4.465,47.09,2333.7,8,747.3,198.2,47.09,106.6,982.04,8256.0,78.6,26.51
2026-01-06 21:00:00,UAV-03,194.75,4.553,45.13,2302.0,9,737.9,194.8,45.13,104.3,982.06,8541.0,76.1,26.12
2026-01-06 22:00:00,UAV-03,198.36,4.486,46.71,2329.2,9,747.4,198.4,46.71,106.6,982.07,8626.0,78.4,26.45
2026-01-06 23:00:00,UAV-03,201.29,4.688,47.95,2350.9,7,755.1,201.3,47.95,108.6,982.09,8488.0,80.3,26.7
2026-01-07 00:00:00,UAV-03,198.28,4.493,46.22,2323.0,7,746.9,198.3,46.22,106.5,982.1,8510.0,78.2,26.36
2026-01-07 01:00:00,UAV-03,200.35,6.263,47.03,2337.4,8,800.3,200.3,47.03,107.9,982.11,8342.0,79.4,26.53
2026-01-07 02:00:00,UAV-03,191.62,4.944,42.44,2261.9,5,728.8,191.6,42.44,102.1,982.13,8488.0,73.5,25.62
2026-01-07 03:00:00,UAV-03,198.74,4.542,45.77,2318.4,5,747.7,198.7,45.77,106.8,982.14,8215.0,78.1,26.3
2026-01-07 04:00:00,UAV-03,196.71,4.677,44.53,2298.7,4,742.1,196.7,44.53,105.4,982.16,8605.0,76.7,26.05
2026-01-07 05:00:00,UAV-03,198.21,4.614,45.06,2308.4,5,746.0,198.2,45.06,106.4,982.17,8597.0,77.6,26.17
2026-01-07 06:00:00,UAV-03,197.3,4.711,44.38,2297.9,4,743.4,197.3,44.38,105.7,982.19,8769.0,76.8,26.04
2026-01-07 07:00:00,UAV-03,198.55,4.664,44.78,2305.6,5,746.5,198.5,44.78,106.5,982.2,8377.0,77.6,26.13
2026-01-07 08:00:00,UAV-03,204.78,4.975,47.67,2354.7,8,763.0,204.8,47.67,110.7,982.22,8416.0,81.6,26.71
2026-01-07 09:00:00,UAV-03,203.16,4.873,46.63,2338.4,5,758.5,203.2,46.63,109.6,982.23,8599.0,80.4,26.51
2026-01-07 10:00:00,UAV-03,197.46,4.846,43.56,2288.1,5,743.2,197.5,43.56,105.7,982.25,8480.0,76.5,25.9
2026-01-07 11:00:00,UAV-03,203.23,4.89,46.22,2333.4,5,758.4,203.2,46.22,109.6,982.26,8419.0,80.2,26.44
2026-01-07 12:00:00,UAV-03,200.74,4.73,44.75,2309.8,4,751.6,200.7,44.75,107.9,982.27,8423.0,78.5,26.15
2026-01-07 13:00:00,UAV-03,202.2,4.833,45.25,2319.2,7,755.4,202.2,45.25,108.8,982.29,8354.0,79.3,26.26
2026-01-07 14:00:00,UAV-03,205.1,5.033,46.48,2340.5,4,763.0,205.1,46.48,110.7,982.3,8441.0,81.1,26.51
2026-01-07 15:00:00,UAV-03,201.62,4.807,44.51,2308.7,6,753.5,201.6,44.51,108.4,982.32,8368.0,78.7,26.13
2026-01-07 16:00:00,UAV-03,199.16,4.951,43.06,2285.4,5,746.8,199.2,43.06,106.7,982.33,8536.0,77.0,25.84
2026-01-07 17:00:00,UAV-03,203.79,4.963,45.14,2321.1,7,759.0,203.8,45.14,109.8,982.35,8312.0,79.9,26.27
2026-01-07 18:00:00,UAV-03,204.57,5.022,45.31,2324.9,3,760.9,204.6,45.31,110.3,982.36,8555.0,80.4,26.31
2026-01-07 19:00:00,UAV-03,199.26,5.054,42.43,2277.8,4,746.6,199.3,42.43,106.7,982.38,8612.0,76.7,25.74
2026-01-07 20:00:00,UAV-03,195.86,5.317,40.51,2246.7,7,737.4,195.9,40.51,104.4,982.39,8623.0,74.3,25.36
2026-01-07 21:00:00,UAV-03,198.37,5.186,41.54,2264.8,7,744.0,198.4,41.54,106.1,982.41,8341.0,75.9,25.58
2026-01-07 22:00:00,UAV-03,201.71,5.0,42.98,2289.8,2,752.7,201.7,42.98,108.3,982.42,8544.0,78.0,25.87
2026-01-07 23:00:00,UAV-03,199.48,5.185,41.64,2268.4,3,746.6,199.5,41.64,106.8,982.44,8372.0,76.4,25.61
