timestamp,machine_id,temperature,vibration,pressure,rpm,failure_within_days,polish_rod_load,tubing_pressure,casing_pressure,pump_fillage,stroke_spm,production_bbl
2026-01-01 00:00:00,WELL-01,61.56,2.174,177.78,417.0,19,14433.0,177.8,93.9,91.3,8.44,47.44
2026-01-01 01:00:00,WELL-01,61.27,2.228,176.24,415.0,21,14394.0,176.2,93.1,90.7,8.41,47.05
2026-01-01 02:00:00,WELL-01,60.29,2.399,171.2,408.3,21,14249.0,171.2,90.6,89.0,8.28,45.77
2026-01-01 03:00:00,WELL-01,62.8,2.24,183.65,424.9,20,14629.0,183.6,96.9,93.1,8.59,48.87
2026-01-01 04:00:00,WELL-01,61.14,2.272,175.21,413.7,20,14382.0,175.2,92.7,90.3,8.38,46.74
2026-01-01 05:00:00,WELL-01,61.3,2.252,175.89,414.6,19,14409.0,175.9,93.1,90.5,8.39,46.9
2026-01-01 06:00:00,WELL-01,63.05,2.288,184.53,426.1,21,14674.0,184.5,97.4,93.4,8.61,49.05
2026-01-01 07:00:00,WELL-01,62.48,2.195,181.57,422.2,19,14592.0,181.6,96.0,92.3,8.53,48.29
2026-01-01 08:00:00,WELL-01,61.24,2.282,175.26,413.8,20,14409.0,175.3,92.8,90.2,8.37,46.7
2026-01-01 09:00:00,WELL-01,61.09,2.313,174.4,412.7,17,14390.0,174.4,92.4,89.9,8.35,46.47
2026-01-01 10:00:00,WELL-01,61.93,2.181,178.45,418.1,19,14518.0,178.5,94.5,91.2,8.45,47.47
2026-01-01 11:00:00,WELL-01,59.99,2.512,168.62,405.0,19,14229.0,168.6,89.6,87.9,8.2,45.0
2026-01-01 12:00:00,WELL-01,62.91,2.277,183.1,424.3,18,14670.0,183.1,96.8,92.7,8.57,48.6
2026-01-01 13:00:00,WELL-01,60.77,2.395,172.28,409.9,17,14352.0,172.3,91.5,89.1,8.29,45.89
2026-01-01 14:00:00,WELL-01,61.58,2.267,176.24,415.2,17,14477.0,176.2,93.5,90.4,8.39,46.86
2026-01-01 15:00:00,WELL-01,60.74,2.413,171.93,409.5,19,14354.0,171.9,91.3,88.9,8.28,45.77
2026-01-01 16:00:00,WELL-01,62.28,2.182,179.52,419.6,20,14588.0,179.5,95.1,91.4,8.47,47.65
2026-01-01 17:00:00,WELL-01,63.55,2.395,185.75,427.9,21,14782.0,185.7,98.3,93.5,8.63,49.19
2026-01-01 18:00:00,WELL-01,62.74,2.263,181.58,422.4,21,14663.0,181.6,96.2,92.1,8.52,48.14
2026-01-01 19:00:00,WELL-01,63.93,2.463,187.41,430.2,19,14844.0,187.4,99.2,94.0,8.67,49.58
2026-01-01 20:00:00,WELL-01,62.6,2.242,180.6,421.1,19,14647.0,180.6,95.8,91.7,8.5,47.87
2026-01-01 21:00:00,WELL-01,62.26,2.202,178.8,418.7,20,14599.0,178.8,94.9,91.1,8.45,47.4
2026-01-01 22:00:00,WELL-01,62.84,2.286,181.56,422.4,19,14688.0,181.6,96.3,92.0,8.52,48.08
2026-01-01 23:00:00,WELL-01,61.77,2.297,176.11,415.2,17,14531.0,176.1,93.6,90.1,8.38,46.7
2026-01-02 00:00:00,WELL-01,62.79,2.283,181.08,421.8,18,14687.0,181.1,96.1,91.7,8.5,47.93
2026-01-02 01:00:00,WELL-01,62.91,2.305,181.56,422.5,20,16081.0,181.6,96.4,78.1,8.52,48.03
2026-01-02 02:00:00,WELL-01,63.1,2.339,182.4,423.6,21,14739.0,182.4,96.8,92.1,8.54,48.23
2026-01-02 03:00:00,WELL-01,63.59,2.422,184.72,426.7,17,14815.0,184.7,98.0,92.9,8.59,48.79
2026-01-02 04:00:00,WELL-01,61.63,2.355,174.82,413.5,19,14525.0,174.8,93.1,89.6,8.34,46.31
2026-01-02 05:00:00,WELL-01,63.56,2.422,184.35,426.3,20,14817.0,184.4,97.9,92.7,8.58,48.67
2026-01-02 06:00:00,WELL-01,60.76,2.514,170.22,407.4,21,14400.0,170.2,90.8,88.0,8.23,45.13
2026-01-02 07:00:00,WELL-01,63.54,2.423,184.01,425.8,21,14820.0,184.0,97.7,92.5,8.57,48.56
2026-01-02 08:00:00,WELL-01,63.82,2.473,185.31,427.6,19,14865.0,185.3,98.4,92.9,8.6,48.87
2026-01-02 09:00:00,WELL-01,62.86,2.313,180.35,421.0,18,14723.0,180.3,96.0,91.3,8.48,47.62
2026-01-02 10:00:00,WELL-01,62.62,2.276,179.06,419.3,19,14690.0,179.1,95.3,90.8,8.44,47.28
2026-01-02 11:00:00,WELL-01,65.77,2.803,194.66,440.1,21,15165.0,194.7,103.2,96.0,8.83,51.16
2026-01-02 12:00:00,WELL-01,61.33,2.46,172.39,410.4,19,14503.0,172.4,92.1,88.5,8.28,45.58
2026-01-02 13:00:00,WELL-01,61.83,2.384,174.74,413.6,17,14580.0,174.7,93.3,89.3,8.33,46.16
2026-01-02 14:00:00,WELL-01,62.09,2.347,175.95,415.2,21,14623.0,175.9,93.9,89.7,8.36,46.44
2026-01-02 15:00:00,WELL-01,62.33,2.314,177.02,416.6,21,14661.0,177.0,94.4,90.0,8.39,46.7
2026-01-02 16:00:00,WELL-01,63.29,2.4,181.67,422.9,20,14807.0,181.7,96.8,91.5,8.5,47.85
2026-01-02 17:00:00,WELL-01,63.67,2.466,183.48,425.3,17,14868.0,183.5,97.7,92.1,8.55,48.28
2026-01-02 18:00:00,WELL-01,62.63,2.295,178.15,418.2,19,14715.0,178.2,95.1,90.3,8.41,46.94
2026-01-02 19:00:00,WELL-01,63.87,2.503,184.21,426.3,17,14903.0,184.2,98.1,92.3,8.56,48.44
2026-01-02 20:00:00,WELL-01,64.36,2.587,186.54,429.4,18,14979.0,186.5,99.3,93.0,8.62,49.01
2026-01-02 21:00:00,WELL-01,62.28,2.363,176.06,415.5,17,14671.0,176.1,94.1,89.5,8.36,46.37
2026-01-02 22:00:00,WELL-01,61.65,2.475,172.79,411.1,19,14579.0,172.8,92.5,88.4,8.28,45.54
2026-01-02 23:00:00,WELL-01,62.56,2.331,177.21,417.0,19,14719.0,177.2,94.7,89.9,8.39,46.63
2026-01-03 00:00:00,WELL-01,63.42,2.44,181.4,422.6,18,14851.0,181.4,96.8,91.2,8.49,47.66
2026-01-03 01:00:00,WELL-01,63.85,2.513,183.4,425.3,20,14917.0,183.4,97.9,91.9,8.54,48.15
2026-01-03 02:00:00,WELL-01,64.48,2.62,186.44,429.4,19,15015.0,186.4,99.4,92.9,8.61,48.9
2026-01-03 03:00:00,WELL-01,60.94,2.629,168.62,405.6,19,14486.0,168.6,90.5,86.9,8.17,44.43
2026-01-03 04:00:00,WELL-01,60.81,2.657,167.86,404.6,20,14470.0,167.9,90.2,86.6,8.15,44.22
2026-01-03 05:00:00,WELL-01,62.95,2.371,178.42,418.7,18,14793.0,178.4,95.5,90.1,8.41,46.85
2026-01-03 06:00:00,WELL-01,63.18,2.412,179.45,420.1,20,14831.0,179.5,96.0,90.4,8.43,47.09
2026-01-03 07:00:00,WELL-01,63.43,2.457,180.62,421.7,19,16066.0,180.6,96.6,81.4,8.46,47.37
2026-01-03 08:00:00,WELL-01,61.9,2.503,172.83,411.3,17,14645.0,172.8,92.7,88.2,8.27,45.41
2026-01-03 09:00:00,WELL-01,64.06,2.566,183.53,425.6,16,14972.0,183.5,98.1,91.7,8.53,48.07
2026-01-03 10:00:00,WELL-01,63.83,2.529,182.23,423.9,19,14940.0,182.2,97.5,91.2,8.5,47.73
2026-01-03 11:00:00,WELL-01,60.31,2.789,164.54,400.3,16,14416.0,164.5,88.7,85.3,8.06,43.29
2026-01-03 12:00:00,WELL-01,64.37,2.624,184.71,427.2,20,15027.0,184.7,98.8,92.0,8.56,48.32
2026-01-03 13:00:00,WELL-01,62.44,2.447,174.96,414.3,19,14741.0,175.0,93.9,88.7,8.32,45.87
2026-01-03 14:00:00,WELL-01,62.44,2.454,174.83,414.1,16,14743.0,174.8,93.9,88.7,8.31,45.82
2026-01-03 15:00:00,WELL-01,62.89,2.387,176.95,416.9,20,14813.0,176.9,95.0,89.4,8.36,46.34
2026-01-03 16:00:00,WELL-01,64.38,2.633,184.27,426.7,17,15039.0,184.3,98.7,91.8,8.55,48.15
2026-01-03 17:00:00,WELL-01,62.59,2.45,175.23,414.7,18,14775.0,175.2,94.2,88.7,8.32,45.88
2026-01-03 18:00:00,WELL-01,62.94,2.399,176.83,416.8,19,14829.0,176.8,95.0,89.2,8.36,46.26
2026-01-03 19:00:00,WELL-01,62.85,2.421,176.26,416.1,19,14819.0,176.3,94.7,89.0,8.34,46.11
2026-01-03 20:00:00,WELL-01,61.5,2.653,169.39,406.9,20,14619.0,169.4,91.3,86.7,8.17,44.38
2026-01-03 21:00:00,WELL-01,62.71,2.458,175.33,414.9,16,14803.0,175.3,94.3,88.7,8.32,45.85
2026-01-03 22:00:00,WELL-01,64.66,2.694,184.98,427.7,16,15099.0,185.0,99.2,91.9,8.56,48.24
2026-01-03 23:00:00,WELL-01,61.63,2.652,169.71,407.4,17,14648.0,169.7,91.5,86.7,8.18,44.41
2026-01-04 00:00:00,WELL-01,64.68,2.701,184.83,427.6,20,15108.0,184.8,99.1,91.8,8.55,48.18
2026-01-04 01:00:00,WELL-01,64.3,2.64,182.8,424.9,20,15053.0,182.8,98.1,91.1,8.5,47.66
2026-01-04 02:00:00,WELL-01,59.78,2.981,160.08,394.6,18,14378.0,160.1,86.8,83.5,7.93,41.96
2026-01-04 03:00:00,WELL-01,63.59,2.525,179.0,419.9,20,14952.0,179.0,96.3,89.7,8.4,46.68
2026-01-04 04:00:00,WELL-01,62.8,2.491,174.96,414.5,17,14837.0,175.0,94.3,88.4,8.3,45.65
2026-01-04 05:00:00,WELL-01,62.53,2.543,173.5,412.6,20,14800.0,173.5,93.6,87.8,8.26,45.27
2026-01-04 06:00:00,WELL-01,62.24,2.598,171.93,410.5,18,14759.0,171.9,92.8,87.3,8.22,44.87
2026-01-04 07:00:00,WELL-01,62.88,2.498,175.01,414.6,18,14858.0,175.0,94.4,88.3,8.3,45.62
2026-01-04 08:00:00,WELL-01,62.15,2.627,171.23,409.6,19,14751.0,171.2,92.5,87.0,8.2,44.66
2026-01-04 09:00:00,WELL-01,65.03,2.779,185.51,428.6,16,15186.0,185.5,99.7,91.7,8.56,48.22
2026-01-04 10:00:00,WELL-01,64.07,2.621,180.59,422.1,18,15045.0,180.6,97.2,90.1,8.44,46.98
2026-01-04 11:00:00,WELL-01,62.43,2.601,172.27,411.0,19,14802.0,172.3,93.1,87.3,8.23,44.88
2026-01-04 12:00:00,WELL-01,63.82,2.583,179.08,420.1,17,15012.0,179.1,96.5,89.5,8.4,46.57
2026-01-04 13:00:00,WELL-01,63.5,2.533,177.4,417.9,17,14968.0,177.4,95.7,88.9,8.35,46.13
2026-01-04 14:00:00,WELL-01,63.69,2.566,178.22,419.0,16,14999.0,178.2,96.2,89.2,8.37,46.33
2026-01-04 15:00:00,WELL-01,62.37,2.638,171.51,410.1,20,14805.0,171.5,92.8,86.9,8.21,44.64
2026-01-04 16:00:00,WELL-01,62.33,2.652,171.19,409.6,20,14801.0,171.2,92.7,86.8,8.2,44.54
2026-01-04 17:00:00,WELL-01,64.46,2.701,181.71,423.7,16,16887.0,181.7,98.0,80.7,8.46,47.16
2026-01-04 18:00:00,WELL-01,62.74,2.598,173.0,412.1,16,14868.0,173.0,93.6,87.3,8.24,44.96
2026-01-04 19:00:00,WELL-01,63.5,2.545,176.66,417.0,19,15950.0,176.7,95.5,77.9,8.33,45.87
2026-01-04 20:00:00,WELL-01,63.27,2.523,175.41,415.3,15,14954.0,175.4,94.9,88.1,8.3,45.54
2026-01-04 21:00:00,WELL-01,62.12,2.722,169.53,407.5,18,14784.0,169.5,92.0,86.1,8.15,44.05
2026-01-04 22:00:00,WELL-01,62.15,2.724,169.57,407.6,17,14791.0,169.6,92.0,86.1,8.15,44.05
2026-01-04 23:00:00,WELL-01,63.74,2.594,177.39,418.0,16,15032.0,177.4,96.0,88.7,8.34,45.99
2026-01-05 00:00:00,WELL-01,65.02,2.808,183.65,426.4,16,15227.0,183.7,99.1,90.7,8.5,47.54
2026-01-05 01:00:00,WELL-01,63.55,2.566,176.18,416.5,18,15009.0,176.2,95.4,88.2,8.31,45.66
2026-01-05 02:00:00,WELL-01,63.03,2.605,173.48,412.9,17,14935.0,173.5,94.1,87.3,8.24,44.97
2026-01-05 03:00:00,WELL-01,62.0,2.784,168.21,405.8,17,14783.0,168.2,91.5,85.5,8.11,43.64
2026-01-05 04:00:00,WELL-01,64.26,2.69,179.38,420.8,15,15124.0,179.4,97.1,89.2,8.39,46.42
2026-01-05 05:00:00,WELL-01,64.89,2.798,182.42,424.8,15,15222.0,182.4,98.6,90.2,8.46,47.16
2026-01-05 06:00:00,WELL-01,63.77,2.613,176.69,417.2,18,15056.0,176.7,95.8,88.3,8.32,45.72
2026-01-05 07:00:00,WELL-01,62.43,2.74,169.88,408.1,19,14859.0,169.9,92.4,86.0,8.15,44.0
2026-01-05 08:00:00,WELL-01,62.58,2.721,170.52,409.0,17,14884.0,170.5,92.7,86.2,8.16,44.14
2026-01-05 09:00:00,WELL-01,61.97,2.83,167.35,404.8,17,14796.0,167.4,91.2,85.1,8.08,43.34
2026-01-05 10:00:00,WELL-01,62.45,2.756,169.64,407.9,15,14871.0,169.6,92.3,85.8,8.14,43.9
2026-01-05 11:00:00,WELL-01,64.03,2.668,177.44,418.3,18,15111.0,177.4,96.3,88.4,8.33,45.83
2026-01-05 12:00:00,WELL-01,64.3,2.715,178.64,419.9,16,15154.0,178.6,96.9,88.8,8.36,46.12
2026-01-05 13:00:00,WELL-01,64.09,2.682,177.48,418.4,16,15125.0,177.5,96.3,88.3,8.33,45.81
2026-01-05 14:00:00,WELL-01,61.05,3.017,162.17,398.0,19,14672.0,162.2,88.7,83.2,7.95,41.97
2026-01-05 15:00:00,WELL-01,61.83,2.894,165.94,403.0,19,14792.0,165.9,90.6,84.5,8.04,42.9
2026-01-05 16:00:00,WELL-01,64.31,2.725,178.22,419.4,16,15167.0,178.2,96.8,88.5,8.35,45.96
2026-01-05 17:00:00,WELL-01,63.28,2.666,172.97,412.4,19,16266.0,173.0,94.2,73.8,8.22,44.63
2026-01-05 18:00:00,WELL-01,62.75,2.762,170.19,408.7,16,14939.0,170.2,92.8,85.8,8.15,43.92
2026-01-05 19:00:00,WELL-01,63.59,2.628,174.28,414.2,17,15068.0,174.3,94.9,87.1,8.25,44.93
2026-01-05 20:00:00,WELL-01,64.96,2.842,181.0,423.2,16,15276.0,181.0,98.3,89.3,8.41,46.59
2026-01-05 21:00:00,WELL-01,62.33,2.853,167.71,405.5,15,14883.0,167.7,91.6,84.9,8.08,43.26
2026-01-05 22:00:00,WELL-01,63.91,2.671,175.5,415.9,15,16361.0,175.5,95.6,73.7,8.28,45.19
2026-01-05 23:00:00,WELL-01,62.15,2.897,166.56,404.0,16,15874.0,166.6,91.1,75.2,8.05,42.94
2026-01-06 00:00:00,WELL-01,60.33,3.207,157.38,391.7,15,14593.0,157.4,86.5,81.4,7.82,40.63
2026-01-06 01:00:00,WELL-01,63.2,2.735,171.62,410.7,18,15026.0,171.6,93.7,86.1,8.18,44.18
2026-01-06 02:00:00,WELL-01,63.04,2.768,170.69,409.5,16,15005.0,170.7,93.3,85.8,8.15,43.93
2026-01-06 03:00:00,WELL-01,62.33,2.895,166.99,404.6,18,14900.0,167.0,91.4,84.5,8.06,42.99
2026-01-06 04:00:00,WELL-01,63.78,2.662,174.13,414.1,19,15121.0,174.1,95.0,86.8,8.24,44.76
2026-01-06 05:00:00,WELL-01,65.4,2.934,182.12,424.8,18,15367.0,182.1,99.0,89.5,8.43,46.74
2026-01-06 06:00:00,WELL-01,65.62,2.973,183.09,426.1,17,15403.0,183.1,99.5,89.8,8.46,46.97
2026-01-06 07:00:00,WELL-01,63.97,2.701,174.74,415.0,15,15159.0,174.7,95.4,87.0,8.25,44.87
2026-01-06 08:00:00,WELL-01,67.29,3.255,191.19,437.0,18,15659.0,191.2,103.6,92.4,8.66,48.97
2026-01-06 09:00:00,WELL-01,64.76,2.836,178.43,420.0,17,15282.0,178.4,97.3,88.1,8.34,45.76
2026-01-06 10:00:00,WELL-01,62.33,2.942,166.19,403.7,18,14921.0,166.2,91.2,84.0,8.03,42.69
2026-01-06 11:00:00,WELL-01,63.12,2.818,170.01,408.8,16,15042.0,170.0,93.1,85.3,8.13,43.63
2026-01-06 12:00:00,WELL-01,64.14,2.74,175.0,415.4,18,15198.0,175.0,95.6,86.9,8.25,44.86
2026-01-06 13:00:00,WELL-01,63.19,2.821,170.1,408.9,16,15058.0,170.1,93.2,85.3,8.13,43.62
2026-01-06 14:00:00,WELL-01,65.26,2.93,180.34,422.6,18,15372.0,180.3,98.4,88.7,8.38,46.17
2026-01-06 15:00:00,WELL-01,63.83,2.727,173.1,412.9,14,15161.0,173.1,94.8,86.2,8.2,44.35
2026-01-06 16:00:00,WELL-01,63.74,2.749,172.5,412.2,16,15149.0,172.5,94.5,86.0,8.18,44.18
2026-01-06 17:00:00,WELL-01,63.45,2.804,170.94,410.1,16,15109.0,170.9,93.7,85.4,8.14,43.78
2026-01-06 18:00:00,WELL-01,62.08,3.039,163.98,400.8,16,14907.0,164.0,90.3,83.1,7.97,42.02
2026-01-06 19:00:00,WELL-01,62.55,2.968,166.2,403.8,18,14980.0,166.2,91.4,83.8,8.02,42.57
2026-01-06 20:00:00,WELL-01,64.21,2.769,174.41,414.8,14,15232.0,174.4,95.5,86.5,8.23,44.6
2026-01-06 21:00:00,WELL-01,64.29,2.783,174.65,415.1,17,15246.0,174.7,95.7,86.6,8.23,44.65
2026-01-06 22:00:00,WELL-01,63.63,2.809,171.24,410.6,17,15150.0,171.2,94.0,85.4,8.15,43.78
2026-01-06 23:00:00,WELL-01,65.79,3.037,181.9,424.8,16,15476.0,181.9,99.4,88.9,8.41,46.43
2026-01-07 00:00:00,WELL-01,62.91,2.943,167.4,405.5,16,15048.0,167.4,92.1,84.1,8.05,42.79
2026-01-07 01:00:00,WELL-01,65.68,3.024,181.14,423.8,16,15466.0,181.1,99.0,88.6,8.39,46.21
2026-01-07 02:00:00,WELL-01,63.07,2.93,167.97,406.3,16,15078.0,168.0,92.5,84.2,8.06,42.91
2026-01-07 03:00:00,WELL-01,64.11,2.766,173.03,413.0,17,15236.0,173.0,95.0,85.9,8.19,44.16
2026-01-07 04:00:00,WELL-01,63.05,2.947,167.64,405.9,14,15081.0,167.6,92.3,84.1,8.05,42.8
2026-01-07 05:00:00,WELL-01,62.44,3.055,164.48,401.7,16,14992.0,164.5,90.8,83.0,7.97,41.99
2026-01-07 06:00:00,WELL-01,63.13,2.947,167.8,406.1,17,15098.0,167.8,92.5,84.1,8.05,42.81
2026-01-07 07:00:00,WELL-01,64.23,2.794,173.15,413.3,18,15265.0,173.2,95.2,85.8,8.18,44.13
2026-01-07 08:00:00,WELL-01,64.2,2.792,172.89,412.9,14,15264.0,172.9,95.1,85.7,8.18,44.05
2026-01-07 09:00:00,WELL-01,63.8,2.857,170.78,410.1,15,15207.0,170.8,94.0,85.0,8.12,43.51
2026-01-07 10:00:00,WELL-01,63.85,2.855,170.92,410.3,16,15218.0,170.9,94.1,85.0,8.13,43.53
2026-01-07 11:00:00,WELL-01,63.84,2.864,170.74,410.1,17,15219.0,170.7,94.1,84.9,8.12,43.47
2026-01-07 12:00:00,WELL-01,63.12,2.991,167.0,405.1,18,15113.0,167.0,92.2,83.6,8.03,42.52
2026-01-07 13:00:00,WELL-01,64.93,2.924,175.94,417.1,17,15388.0,175.9,96.7,86.6,8.25,44.74
2026-01-07 14:00:00,WELL-01,63.07,3.013,166.54,404.6,17,15112.0,166.5,92.0,83.4,8.01,42.38
2026-01-07 15:00:00,WELL-01,66.07,3.119,181.41,424.4,15,15565.0,181.4,99.5,88.4,8.38,46.08
2026-01-07 16:00:00,WELL-01,62.42,3.134,163.06,400.0,15,16345.0,163.1,90.3,71.1,7.92,41.48
2026-01-07 17:00:00,WELL-01,63.99,2.88,170.8,410.3,18,15259.0,170.8,94.2,84.8,8.12,43.4
2026-01-07 18:00:00,WELL-01,65.46,3.024,178.02,419.9,15,15482.0,178.0,97.9,87.2,8.3,45.19
2026-01-07 19:00:00,WELL-01,64.98,2.947,175.52,416.6,16,15413.0,175.5,96.6,86.3,8.23,44.55
2026-01-07 20:00:00,WELL-01,66.59,3.216,183.42,427.2,14,15657.0,183.4,100.6,88.9,8.43,46.51
2026-01-07 21:00:00,WELL-01,63.27,3.028,166.69,404.9,15,15161.0,166.7,92.3,83.3,8.01,42.31
2026-01-07 22:00:00,WELL-01,63.81,2.944,169.3,408.4,16,15246.0,169.3,93.6,84.2,8.07,42.95
2026-01-07 23:00:00,WELL-01,64.33,2.864,171.79,411.7,18,15327.0,171.8,94.9,85.0,8.14,43.56
2026-01-01 00:00:00,WELL-02,61.98,2.103,179.92,419.9,21,15522.0,179.9,95.0,78.6,8.5,47.98
2026-01-01 01:00:00,WELL-02,61.85,2.137,179.04,418.7,21,14482.0,179.0,94.6,91.6,8.47,47.73
2026-01-01 02:00:00,WELL-02,61.35,2.232,176.35,415.2,19,14413.0,176.3,93.3,90.7,8.41,47.04
2026-01-01 03:00:00,WELL-02,60.06,2.459,169.68,406.3,19,14224.0,169.7,90.0,88.4,8.24,45.34
2026-01-01 04:00:00,WELL-02,61.36,2.255,175.98,414.7,19,14424.0,176.0,93.2,90.5,8.39,46.89
2026-01-01 05:00:00,WELL-02,64.3,2.503,190.48,434.1,20,16698.0,190.5,100.4,85.1,8.75,50.49
2026-01-01 06:00:00,WELL-02,61.21,2.304,174.81,413.3,18,14412.0,174.8,92.7,90.0,8.36,46.55
2026-01-01 07:00:00,WELL-02,61.64,2.245,176.73,415.8,17,14481.0,176.7,93.7,90.6,8.41,47.01
2026-01-01 08:00:00,WELL-02,62.2,2.164,179.32,419.3,18,14569.0,179.3,95.0,91.4,8.47,47.63
2026-01-01 09:00:00,WELL-02,62.17,2.181,178.96,418.9,20,14570.0,179.0,94.9,91.2,8.46,47.51
2026-01-01 10:00:00,WELL-02,60.69,2.439,171.38,408.8,17,14354.0,171.4,91.1,88.7,8.27,45.59
2026-01-01 11:00:00,WELL-02,61.97,2.239,177.54,417.0,18,14550.0,177.5,94.2,90.7,8.42,47.11
2026-01-01 12:00:00,WELL-02,63.84,2.451,186.69,429.3,21,14836.0,186.7,98.8,93.7,8.65,49.37
2026-01-01 13:00:00,WELL-02,60.82,2.454,171.39,408.9,17,14388.0,171.4,91.2,88.5,8.26,45.52
2026-01-01 14:00:00,WELL-02,63.05,2.328,182.35,423.5,20,14728.0,182.3,96.8,92.2,8.54,48.24
2026-01-01 15:00:00,WELL-02,60.66,2.505,170.16,407.3,20,14373.0,170.2,90.7,88.0,8.23,45.16
2026-01-01 16:00:00,WELL-02,62.82,2.297,180.78,421.5,18,14703.0,180.8,96.1,91.5,8.49,47.8
2026-01-01 17:00:00,WELL-02,61.21,2.438,172.49,410.5,17,14466.0,172.5,92.0,88.7,8.28,45.7
2026-01-01 18:00:00,WELL-02,62.51,2.252,178.78,418.9,19,14666.0,178.8,95.1,90.8,8.44,47.25
2026-01-01 19:00:00,WELL-02,61.49,2.415,173.49,411.8,17,14518.0,173.5,92.5,89.0,8.31,45.9
2026-01-01 20:00:00,WELL-02,61.49,2.427,173.28,411.6,21,14523.0,173.3,92.5,88.9,8.3,45.82
2026-01-01 21:00:00,WELL-02,64.24,2.552,186.83,429.7,18,14941.0,186.8,99.3,93.3,8.64,49.18
2026-01-01 22:00:00,WELL-02,65.09,2.697,190.85,435.1,18,15073.0,190.8,101.3,94.6,8.73,50.16
2026-01-01 23:00:00,WELL-02,60.31,2.66,166.74,403.0,19,14361.0,166.7,89.3,86.5,8.13,44.11
2026-01-02 00:00:00,WELL-02,63.12,2.377,180.62,421.5,17,14789.0,180.6,96.3,91.1,8.48,47.56
2026-01-02 01:00:00,WELL-02,63.03,2.366,179.95,420.6,18,14780.0,180.0,96.0,90.9,8.46,47.36
2026-01-02 02:00:00,WELL-02,63.43,2.435,181.71,423.0,17,14844.0,181.7,96.9,91.4,8.5,47.78
2026-01-02 03:00:00,WELL-02,62.18,2.396,175.27,414.4,16,14662.0,175.3,93.8,89.2,8.34,46.14
2026-01-02 04:00:00,WELL-02,62.33,2.383,175.84,415.2,20,14690.0,175.8,94.1,89.3,8.35,46.26
2026-01-02 05:00:00,WELL-02,62.03,2.445,174.11,412.9,18,14649.0,174.1,93.3,88.7,8.3,45.8
2026-01-02 06:00:00,WELL-02,62.93,2.368,178.42,418.7,17,14790.0,178.4,95.5,90.1,8.41,46.85
2026-01-02 07:00:00,WELL-02,64.9,2.7,188.07,431.6,20,15091.0,188.1,100.3,93.3,8.65,49.24
2026-01-02 08:00:00,WELL-02,64.03,2.559,183.49,425.5,18,14965.0,183.5,98.1,91.7,8.53,48.07
2026-01-02 09:00:00,WELL-02,64.2,2.591,184.14,426.4,17,14995.0,184.1,98.4,91.9,8.55,48.21
2026-01-02 10:00:00,WELL-02,63.61,2.496,180.96,422.2,19,14911.0,181.0,96.9,90.8,8.47,47.39
2026-01-02 11:00:00,WELL-02,62.85,2.381,176.97,416.9,18,14803.0,177.0,94.9,89.4,8.37,46.37
2026-01-02 12:00:00,WELL-02,61.45,2.626,169.76,407.3,16,14598.0,169.8,91.4,87.0,8.18,44.54
2026-01-02 13:00:00,WELL-02,62.38,2.484,174.18,413.3,16,14742.0,174.2,93.6,88.4,8.29,45.62
2026-01-02 14:00:00,WELL-02,63.96,2.568,181.86,423.5,18,14983.0,181.9,97.5,90.9,8.48,47.52
2026-01-02 15:00:00,WELL-02,61.33,2.683,168.53,405.8,18,14595.0,168.5,90.9,86.4,8.15,44.16
2026-01-02 16:00:00,WELL-02,65.14,2.773,187.36,430.9,20,15171.0,187.4,100.3,92.6,8.62,48.84
2026-01-02 17:00:00,WELL-02,65.39,2.819,188.42,432.4,20,15214.0,188.4,100.9,93.0,8.64,49.08
2026-01-02 18:00:00,WELL-02,62.56,2.513,174.07,413.3,18,14795.0,174.1,93.8,88.1,8.28,45.47
2026-01-02 19:00:00,WELL-02,61.17,2.758,166.89,403.7,17,14591.0,166.9,90.2,85.7,8.1,43.65
2026-01-02 20:00:00,WELL-02,61.87,2.653,170.19,408.1,17,14701.0,170.2,91.9,86.7,8.18,44.45
2026-01-02 21:00:00,WELL-02,63.78,2.565,179.52,420.6,16,14992.0,179.5,96.6,89.8,8.41,46.76
2026-01-02 22:00:00,WELL-02,62.19,2.623,171.39,409.8,18,14759.0,171.4,92.6,87.1,8.21,44.7
2026-01-02 23:00:00,WELL-02,61.2,2.802,166.19,402.9,16,14614.0,166.2,90.1,85.3,8.08,43.37
2026-01-03 00:00:00,WELL-02,63.6,2.547,178.01,418.7,18,14980.0,178.0,96.0,89.2,8.37,46.3
2026-01-03 01:00:00,WELL-02,63.35,2.509,176.54,416.7,20,14947.0,176.5,95.3,88.6,8.33,45.91
2026-01-03 02:00:00,WELL-02,62.42,2.635,171.66,410.3,18,14812.0,171.7,92.9,87.0,8.21,44.67
2026-01-03 03:00:00,WELL-02,64.24,2.664,180.55,422.2,17,17040.0,180.6,97.4,72.9,8.43,46.86
2026-01-03 04:00:00,WELL-02,63.61,2.563,177.22,417.7,17,15002.0,177.2,95.8,88.7,8.34,46.01
2026-01-03 05:00:00,WELL-02,61.84,2.767,168.17,405.7,19,14741.0,168.2,91.3,85.7,8.12,43.72
2026-01-03 06:00:00,WELL-02,61.51,2.835,166.28,403.2,15,14696.0,166.3,90.4,85.0,8.07,43.22
2026-01-03 07:00:00,WELL-02,64.54,2.73,181.25,423.2,16,15156.0,181.3,97.9,89.9,8.44,46.94
2026-01-03 08:00:00,WELL-02,62.26,2.733,169.65,407.8,15,14820.0,169.7,92.2,86.0,8.15,44.01
2026-01-03 09:00:00,WELL-02,63.56,2.574,175.92,416.1,15,15019.0,175.9,95.3,88.1,8.3,45.56
2026-01-03 10:00:00,WELL-02,63.09,2.62,173.35,412.7,18,14953.0,173.4,94.1,87.2,8.24,44.89
2026-01-03 11:00:00,WELL-02,63.55,2.58,175.46,415.6,15,15028.0,175.5,95.2,87.8,8.29,45.39
2026-01-03 12:00:00,WELL-02,61.89,2.844,166.93,404.2,18,14783.0,166.9,91.0,84.9,8.07,43.23
2026-01-03 13:00:00,WELL-02,62.81,2.703,171.33,410.1,16,14926.0,171.3,93.2,86.4,8.18,44.31
2026-01-03 14:00:00,WELL-02,62.69,2.734,170.55,409.1,15,14914.0,170.5,92.9,86.0,8.16,44.09
2026-01-03 15:00:00,WELL-02,61.51,2.943,164.42,401.0,19,14741.0,164.4,89.8,84.0,8.01,42.53
2026-01-03 16:00:00,WELL-02,63.33,2.651,173.33,412.9,18,15020.0,173.3,94.3,86.9,8.23,44.73
2026-01-03 17:00:00,WELL-02,62.96,2.726,171.24,410.1,17,14968.0,171.2,93.3,86.1,8.17,44.18
2026-01-03 18:00:00,WELL-02,66.0,3.015,186.27,430.2,16,15430.0,186.3,100.9,91.1,8.55,47.92
2026-01-03 19:00:00,WELL-02,64.23,2.723,177.19,418.1,17,15169.0,177.2,96.4,88.0,8.32,45.62
2026-01-03 20:00:00,WELL-02,64.9,2.838,180.34,422.3,18,15275.0,180.3,98.0,89.0,8.4,46.38
2026-01-03 21:00:00,WELL-02,63.86,2.668,174.92,415.1,17,15124.0,174.9,95.3,87.2,8.26,45.0
2026-01-03 22:00:00,WELL-02,64.8,2.829,179.41,421.2,19,15270.0,179.4,97.6,88.6,8.37,46.1
2026-01-03 23:00:00,WELL-02,64.22,2.736,176.29,417.0,17,15187.0,176.3,96.1,87.6,8.29,45.3
2026-01-04 00:00:00,WELL-02,64.11,2.722,175.56,416.1,15,15177.0,175.6,95.8,87.3,8.27,45.09
2026-01-04 01:00:00,WELL-02,65.65,2.981,183.02,426.1,19,15412.0,183.0,99.6,89.7,8.45,46.93
2026-01-04 02:00:00,WELL-02,63.52,2.741,172.17,411.6,18,15098.0,172.2,94.2,86.1,8.18,44.19
2026-01-04 03:00:00,WELL-02,66.2,3.081,185.36,429.2,18,15504.0,185.4,100.8,90.4,8.51,47.46
2026-01-04 04:00:00,WELL-02,64.91,2.87,178.73,420.4,17,15317.0,178.7,97.5,88.1,8.34,45.78
2026-01-04 05:00:00,WELL-02,63.75,2.739,172.7,412.4,16,15147.0,172.7,94.6,86.1,8.19,44.25
2026-01-04 06:00:00,WELL-02,61.66,3.099,162.06,398.2,17,14839.0,162.1,89.3,82.5,7.92,41.56
2026-01-04 07:00:00,WELL-02,62.51,2.969,166.11,403.7,15,14972.0,166.1,91.3,83.8,8.02,42.55
2026-01-04 08:00:00,WELL-02,63.67,2.788,171.71,411.2,14,15151.0,171.7,94.2,85.6,8.16,43.93
2026-01-04 09:00:00,WELL-02,65.65,3.012,181.36,424.1,18,15452.0,181.4,99.1,88.8,8.4,46.32
2026-01-04 10:00:00,WELL-02,63.69,2.809,171.39,410.8,18,15164.0,171.4,94.1,85.4,8.15,43.8
2026-01-04 11:00:00,WELL-02,65.15,2.936,178.47,420.3,15,15388.0,178.5,97.7,87.7,8.32,45.54
2026-01-04 12:00:00,WELL-02,63.2,2.916,168.48,407.0,17,15099.0,168.5,92.7,84.4,8.07,43.02
2026-01-04 13:00:00,WELL-02,62.5,3.044,164.78,402.1,15,15000.0,164.8,90.9,83.1,7.98,42.07
2026-01-04 14:00:00,WELL-02,61.88,3.159,161.49,397.7,18,14912.0,161.5,89.3,81.9,7.89,41.22
2026-01-04 15:00:00,WELL-02,64.51,2.844,174.4,415.0,16,15311.0,174.4,95.8,86.2,8.22,44.43
2026-01-04 16:00:00,WELL-02,65.7,3.046,180.14,422.6,16,15494.0,180.1,98.7,88.1,8.36,45.84
2026-01-04 17:00:00,WELL-02,62.33,3.121,163.09,399.9,15,14994.0,163.1,90.3,82.3,7.93,41.55
2026-01-04 18:00:00,WELL-02,64.05,2.847,171.48,411.1,17,15257.0,171.5,94.5,85.1,8.14,43.62
2026-01-04 19:00:00,WELL-02,65.34,2.998,177.74,419.5,15,15456.0,177.7,97.7,87.1,8.29,45.16
2026-01-04 20:00:00,WELL-02,62.34,3.155,162.53,399.3,16,15011.0,162.5,90.1,82.0,7.91,41.33
2026-01-04 21:00:00,WELL-02,65.46,3.025,177.91,419.8,17,15484.0,177.9,97.8,87.1,8.29,45.15
2026-01-04 22:00:00,WELL-02,63.59,2.97,168.38,407.1,16,15209.0,168.4,93.1,83.9,8.05,42.75
2026-01-04 23:00:00,WELL-02,64.58,2.887,173.12,413.5,18,15362.0,173.1,95.5,85.4,8.17,43.91
2026-01-05 00:00:00,WELL-02,63.26,3.051,166.28,404.4,14,15168.0,166.3,92.1,83.1,8.0,42.17
2026-01-05 01:00:00,WELL-02,62.98,3.108,164.7,402.3,16,15132.0,164.7,91.4,82.5,7.96,41.75
2026-01-05 02:00:00,WELL-02,63.38,3.054,166.5,404.7,15,15197.0,166.5,92.3,83.1,8.0,42.17
2026-01-05 03:00:00,WELL-02,65.01,2.972,174.41,415.3,16,15446.0,174.4,96.3,85.7,8.2,44.13
2026-01-05 04:00:00,WELL-02,63.49,3.06,166.62,404.9,17,15224.0,166.6,92.5,83.0,8.0,42.15
2026-01-05 05:00:00,WELL-02,64.96,2.973,173.78,414.5,13,15450.0,173.8,96.1,85.4,8.18,43.92
2026-01-05 06:00:00,WELL-02,65.07,2.995,174.12,415.0,15,15471.0,174.1,96.3,85.4,8.18,43.98
2026-01-05 07:00:00,WELL-02,64.1,2.995,169.04,408.2,16,15330.0,169.0,93.8,83.7,8.05,42.69
2026-01-05 08:00:00,WELL-02,64.45,2.948,170.59,410.3,15,15388.0,170.6,94.6,84.2,8.09,43.05
2026-01-05 09:00:00,WELL-02,65.69,3.108,176.56,418.3,17,15578.0,176.6,97.7,86.1,8.24,44.52
2026-01-05 10:00:00,WELL-02,63.4,3.148,164.89,402.8,14,15239.0,164.9,91.9,82.2,7.95,41.57
2026-01-05 11:00:00,WELL-02,65.56,3.095,175.51,417.0,14,15569.0,175.5,97.2,85.7,8.21,44.2
2026-01-05 12:00:00,WELL-02,64.69,2.956,170.96,411.0,16,15444.0,171.0,95.0,84.1,8.09,43.04
2026-01-05 13:00:00,WELL-02,63.47,3.172,164.65,402.6,15,15266.0,164.6,91.9,82.0,7.93,41.44
2026-01-05 14:00:00,WELL-02,67.54,3.436,184.79,429.4,16,15881.0,184.8,102.0,88.6,8.44,46.45
2026-01-05 15:00:00,WELL-02,63.46,3.199,164.16,402.0,15,15273.0,164.2,91.7,81.7,7.92,41.26
2026-01-05 16:00:00,WELL-02,64.38,3.057,168.57,407.9,16,15417.0,168.6,94.0,83.1,8.03,42.34
2026-01-05 17:00:00,WELL-02,65.1,3.04,171.95,412.4,16,15530.0,171.9,95.7,84.2,8.11,43.16
2026-01-05 18:00:00,WELL-02,65.41,3.096,173.29,414.2,14,15581.0,173.3,96.4,84.6,8.14,43.47
2026-01-05 19:00:00,WELL-02,63.67,3.212,164.38,402.4,17,15325.0,164.4,92.0,81.6,7.92,41.22
2026-01-05 20:00:00,WELL-02,66.33,3.257,177.48,419.9,17,15729.0,177.5,98.6,85.9,8.24,44.47
2026-01-05 21:00:00,WELL-02,66.87,3.35,179.97,423.2,17,15815.0,180.0,99.9,86.7,8.3,45.07
2026-01-05 22:00:00,WELL-02,63.93,3.204,165.07,403.4,13,15380.0,165.1,92.5,81.7,7.93,41.32
2026-01-05 23:00:00,WELL-02,62.35,3.479,156.98,392.6,13,15148.0,157.0,88.4,79.0,7.73,39.27
2026-01-06 00:00:00,WELL-02,64.05,3.208,165.25,403.7,13,15407.0,165.2,92.6,81.7,7.93,41.31
2026-01-06 01:00:00,WELL-02,63.7,3.279,163.27,401.1,14,15359.0,163.3,91.7,81.0,7.88,40.79
2026-01-06 02:00:00,WELL-02,66.25,3.266,175.83,417.8,13,15748.0,175.8,98.0,85.1,8.19,43.91
2026-01-06 03:00:00,WELL-02,65.14,3.085,170.08,410.2,15,15586.0,170.1,95.2,83.1,8.05,42.45
2026-01-06 04:00:00,WELL-02,64.8,3.132,168.14,407.6,14,15539.0,168.1,94.2,82.5,8.0,41.94
2026-01-06 05:00:00,WELL-02,65.07,3.098,169.32,409.2,17,15586.0,169.3,94.9,82.8,8.02,42.21
2026-01-06 06:00:00,WELL-02,64.74,3.165,167.46,406.8,17,15541.0,167.5,94.0,82.1,7.98,41.72
2026-01-06 07:00:00,WELL-02,64.12,3.282,164.12,402.4,13,15452.0,164.1,92.4,81.0,7.89,40.85
2026-01-06 08:00:00,WELL-02,65.94,3.237,173.04,414.3,12,15731.0,173.0,96.9,83.9,8.11,43.06
2026-01-06 09:00:00,WELL-02,64.93,3.171,167.76,407.3,12,16703.0,167.8,94.3,72.7,7.98,41.71
2026-01-06 10:00:00,WELL-02,64.7,3.221,166.42,405.5,14,15555.0,166.4,93.6,81.6,7.94,41.36
2026-01-06 11:00:00,WELL-02,65.01,3.182,167.73,407.3,14,15606.0,167.7,94.3,82.0,7.98,41.66
2026-01-06 12:00:00,WELL-02,64.23,3.323,163.67,401.9,12,15495.0,163.7,92.3,80.6,7.87,40.62
2026-01-06 13:00:00,WELL-02,63.72,3.421,160.87,398.2,14,15422.0,160.9,91.0,79.6,7.8,39.89
2026-01-06 14:00:00,WELL-02,65.76,3.229,170.89,411.6,16,15734.0,170.9,96.0,82.9,8.05,42.37
2026-01-06 15:00:00,WELL-02,64.92,3.244,166.48,405.7,16,15613.0,166.5,93.9,81.4,7.94,41.25
2026-01-06 16:00:00,WELL-02,63.67,3.465,160.03,397.2,13,15431.0,160.0,90.7,79.2,7.77,39.61
2026-01-06 17:00:00,WELL-02,64.93,3.268,166.09,405.3,16,15624.0,166.1,93.8,81.2,7.92,41.1
2026-01-06 18:00:00,WELL-02,66.95,3.443,176.01,418.5,13,15933.0,176.0,98.8,84.4,8.17,43.55
2026-01-06 19:00:00,WELL-02,66.38,3.352,172.96,414.5,14,15853.0,173.0,97.3,83.4,8.09,42.76
2026-01-06 20:00:00,WELL-02,65.52,3.212,168.44,408.5,13,15728.0,168.4,95.1,81.8,7.98,41.61
2026-01-06 21:00:00,WELL-02,64.55,3.379,163.36,401.7,13,15587.0,163.4,92.6,80.1,7.85,40.32
2026-01-06 22:00:00,WELL-02,64.15,3.457,161.19,398.9,12,15533.0,161.2,91.5,79.3,7.79,39.75
2026-01-06 23:00:00,WELL-02,63.53,3.573,157.86,394.5,13,15445.0,157.9,89.9,78.2,7.71,38.89
2026-01-07 00:00:00,WELL-02,66.14,3.33,170.71,411.6,15,15841.0,170.7,96.4,82.4,8.03,42.08
2026-01-07 01:00:00,WELL-02,64.9,3.369,164.28,403.1,14,15660.0,164.3,93.2,80.2,7.87,40.45
2026-01-07 02:00:00,WELL-02,66.04,3.321,169.79,410.4,16,15836.0,169.8,96.0,82.0,8.0,41.8
2026-01-07 03:00:00,WELL-02,65.64,3.269,167.59,407.5,15,15781.0,167.6,94.9,81.2,7.94,41.22
2026-01-07 04:00:00,WELL-02,63.69,3.606,157.63,394.3,15,16387.0,157.6,90.0,64.3,7.69,38.71
2026-01-07 05:00:00,WELL-02,64.73,3.446,162.59,400.9,13,15654.0,162.6,92.5,79.5,7.82,39.92
2026-01-07 06:00:00,WELL-02,64.31,3.528,160.29,397.9,12,15596.0,160.3,91.4,78.7,7.76,39.32
2026-01-07 07:00:00,WELL-02,63.74,3.635,157.23,393.8,15,15516.0,157.2,89.9,77.6,7.68,38.53
2026-01-07 08:00:00,WELL-02,63.63,3.665,156.49,392.9,15,15505.0,156.5,89.6,77.3,7.66,38.32
2026-01-07 09:00:00,WELL-02,65.66,3.339,166.41,406.1,13,15814.0,166.4,94.6,80.6,7.91,40.78
2026-01-07 10:00:00,WELL-02,66.68,3.457,171.31,412.7,11,15972.0,171.3,97.1,82.2,8.03,41.98
2026-01-07 11:00:00,WELL-02,67.08,3.528,173.12,415.1,13,16037.0,173.1,98.0,82.7,8.07,42.41
2026-01-07 12:00:00,WELL-02,66.84,3.491,171.69,413.2,12,16006.0,171.7,97.3,82.2,8.03,42.02
2026-01-07 13:00:00,WELL-02,67.55,3.614,175.05,417.8,14,16118.0,175.0,99.1,83.3,8.11,42.84
2026-01-07 14:00:00,WELL-02,68.07,3.703,177.41,420.9,15,16200.0,177.4,100.3,84.0,8.17,43.4
2026-01-07 15:00:00,WELL-02,66.59,3.462,169.84,410.9,13,15984.0,169.8,96.5,81.4,7.98,41.49
2026-01-07 16:00:00,WELL-02,66.5,3.449,169.14,410.0,15,15974.0,169.1,96.2,81.2,7.96,41.29
2026-01-07 17:00:00,WELL-02,65.98,3.383,166.34,406.3,14,15902.0,166.3,94.9,80.2,7.89,40.56
2026-01-07 18:00:00,WELL-02,63.87,3.747,155.58,391.9,14,15590.0,155.6,89.5,76.5,7.62,37.84
2026-01-07 19:00:00,WELL-02,66.41,3.446,168.08,408.6,13,15976.0,168.1,95.8,80.7,7.93,40.95
2026-01-07 20:00:00,WELL-02,66.2,3.415,166.83,407.0,14,15950.0,166.8,95.2,80.2,7.9,40.61
2026-01-07 21:00:00,WELL-02,69.08,3.898,181.01,425.9,13,16386.0,181.0,102.4,84.9,8.25,44.13
2026-01-07 22:00:00,WELL-02,66.33,3.444,167.07,407.4,12,17387.0,167.1,95.5,69.0,7.9,40.62
2026-01-07 23:00:00,WELL-02,67.08,3.573,170.6,412.1,11,16097.0,170.6,97.3,81.3,7.99,41.47
2026-01-01 00:00:00,WELL-03,63.48,2.346,187.38,429.8,21,14721.0,187.4,98.7,94.5,8.68,49.84
2026-01-01 01:00:00,WELL-03,60.25,2.42,170.77,407.8,17,14249.0,170.8,90.5,88.8,8.27,45.63
2026-01-01 02:00:00,WELL-03,62.82,2.255,183.14,424.3,18,16215.0,183.1,96.8,82.6,8.57,48.67
2026-01-01 03:00:00,WELL-03,61.57,2.256,176.4,415.4,20,15698.0,176.4,93.5,74.9,8.4,46.92
2026-01-01 04:00:00,WELL-03,64.78,2.598,191.94,436.2,21,14964.0,191.9,101.4,95.6,8.78,50.75
2026-01-01 05:00:00,WELL-03,63.26,2.354,183.85,425.5,21,14747.0,183.9,97.4,92.8,8.58,48.67
2026-01-01 06:00:00,WELL-03,62.62,2.256,180.18,420.6,18,14663.0,180.2,95.7,91.4,8.48,47.69
2026-01-01 07:00:00,WELL-03,61.76,2.338,175.38,414.3,21,16214.0,175.4,93.4,74.1,8.36,46.43
2026-01-01 08:00:00,WELL-03,62.85,2.312,180.36,421.0,20,14722.0,180.4,96.0,91.3,8.48,47.62
2026-01-01 09:00:00,WELL-03,62.05,2.347,175.84,415.0,20,14612.0,175.8,93.8,89.7,8.36,46.43
2026-01-01 10:00:00,WELL-03,62.3,2.334,176.6,416.1,17,14662.0,176.6,94.3,89.8,8.38,46.56
2026-01-01 11:00:00,WELL-03,58.81,2.943,158.69,392.3,19,14151.0,158.7,85.4,83.7,7.92,42.03
2026-01-01 12:00:00,WELL-03,61.44,2.532,171.37,409.3,20,14557.0,171.4,91.9,87.9,8.24,45.14
2026-01-01 13:00:00,WELL-03,61.95,2.476,173.4,412.0,20,14645.0,173.4,93.0,88.4,8.28,45.59
2026-01-01 14:00:00,WELL-03,63.38,2.452,180.05,421.0,19,14870.0,180.0,96.4,90.5,8.45,47.19
2026-01-01 15:00:00,WELL-03,62.11,2.507,173.21,411.9,17,14692.0,173.2,93.1,88.2,8.27,45.42
2026-01-01 16:00:00,WELL-03,60.85,2.745,166.42,402.9,16,14514.0,166.4,89.8,85.8,8.1,43.67
2026-01-01 17:00:00,WELL-03,64.33,2.637,183.34,425.6,16,15048.0,183.3,98.3,91.3,8.52,47.84
2026-01-01 18:00:00,WELL-03,61.03,2.771,166.38,403.0,16,14566.0,166.4,89.9,85.6,8.09,43.54
2026-01-01 19:00:00,WELL-03,62.14,2.615,171.4,409.8,19,14743.0,171.4,92.6,87.1,8.21,44.74
2026-01-01 20:00:00,WELL-03,62.16,2.64,171.03,409.3,17,14758.0,171.0,92.5,86.9,8.2,44.59
2026-01-01 21:00:00,WELL-03,63.53,2.539,177.38,417.9,20,14975.0,177.4,95.7,88.9,8.35,46.12
2026-01-01 22:00:00,WELL-03,62.57,2.628,172.11,410.9,18,14843.0,172.1,93.2,87.0,8.22,44.74
2026-01-01 23:00:00,WELL-03,63.6,2.569,176.79,417.2,16,15010.0,176.8,95.6,88.5,8.33,45.85
2026-01-02 00:00:00,WELL-03,63.11,2.595,173.83,413.3,16,14948.0,173.8,94.3,87.4,8.25,45.05
2026-01-02 01:00:00,WELL-03,63.76,2.612,176.58,417.1,16,15056.0,176.6,95.7,88.2,8.32,45.68
2026-01-02 02:00:00,WELL-03,64.68,2.775,180.71,422.6,15,15207.0,180.7,97.9,89.5,8.42,46.65
2026-01-02 03:00:00,WELL-03,64.43,2.742,178.96,420.4,19,15180.0,179.0,97.1,88.8,8.37,46.16
2026-01-02 04:00:00,WELL-03,63.72,2.633,174.94,415.1,15,15086.0,174.9,95.2,87.4,8.26,45.1
2026-01-02 05:00:00,WELL-03,63.39,2.69,172.77,412.2,15,15047.0,172.8,94.2,86.5,8.21,44.49
2026-01-02 06:00:00,WELL-03,66.22,3.067,186.47,430.6,16,15485.0,186.5,101.2,91.0,8.54,47.86
2026-01-02 07:00:00,WELL-03,65.08,2.886,180.27,422.4,18,15325.0,180.3,98.2,88.8,8.39,46.25
2026-01-02 08:00:00,WELL-03,63.23,2.8,170.55,409.5,16,15060.0,170.5,93.4,85.5,8.14,43.76
2026-01-02 09:00:00,WELL-03,64.62,2.826,176.98,418.1,14,15279.0,177.0,96.7,87.5,8.3,45.31
2026-01-02 10:00:00,WELL-03,63.66,2.786,171.69,411.1,14,15147.0,171.7,94.2,85.6,8.16,43.93
2026-01-02 11:00:00,WELL-03,63.53,2.835,170.58,409.7,14,15140.0,170.6,93.7,85.2,8.13,43.59
2026-01-02 12:00:00,WELL-03,64.71,2.868,175.97,417.0,18,15328.0,176.0,96.5,86.8,8.26,44.88
2026-01-02 13:00:00,WELL-03,64.65,2.867,175.21,416.0,14,15332.0,175.2,96.2,86.5,8.24,44.64
2026-01-02 14:00:00,WELL-03,66.01,3.102,181.5,424.5,16,15546.0,181.5,99.5,88.5,8.39,46.15
2026-01-02 15:00:00,WELL-03,65.8,3.076,179.98,422.5,15,15527.0,180.0,98.8,87.9,8.35,45.71
2026-01-02 16:00:00,WELL-03,63.92,2.913,170.06,409.3,17,15256.0,170.1,93.9,84.5,8.1,43.17
2026-01-02 17:00:00,WELL-03,62.66,3.151,163.27,400.4,17,15079.0,163.3,90.6,82.1,7.92,41.42
2026-01-02 18:00:00,WELL-03,65.02,2.972,174.59,415.5,16,15445.0,174.6,96.4,85.8,8.2,44.19
2026-01-02 19:00:00,WELL-03,64.68,2.925,172.43,412.7,17,15406.0,172.4,95.4,84.9,8.14,43.59
2026-01-02 20:00:00,WELL-03,64.03,3.008,168.65,407.7,13,15319.0,168.6,93.6,83.6,8.04,42.59
2026-01-02 21:00:00,WELL-03,64.09,3.025,168.5,407.6,17,15341.0,168.5,93.6,83.4,8.04,42.49
2026-01-02 22:00:00,WELL-03,65.48,3.085,174.96,416.3,17,15561.0,175.0,97.0,85.5,8.19,44.05
2026-01-02 23:00:00,WELL-03,64.19,3.066,168.0,407.1,17,15379.0,168.0,93.6,83.0,8.02,42.25
2026-01-03 00:00:00,WELL-03,65.44,3.095,173.77,414.8,13,15578.0,173.8,96.6,84.8,8.16,43.63
2026-01-03 01:00:00,WELL-03,65.19,3.061,172.01,412.5,14,15552.0,172.0,95.8,84.2,8.11,43.13
2026-01-03 02:00:00,WELL-03,64.71,3.064,169.13,408.8,14,15492.0,169.1,94.4,83.1,8.03,42.35
2026-01-03 03:00:00,WELL-03,65.46,3.125,172.41,413.2,16,15616.0,172.4,96.2,84.1,8.11,43.11
2026-01-03 04:00:00,WELL-03,63.87,3.261,163.95,402.0,16,15389.0,164.0,92.1,81.2,7.9,40.94
2026-01-03 05:00:00,WELL-03,64.47,3.188,166.5,405.5,16,15492.0,166.5,93.4,81.9,7.96,41.52
2026-01-03 06:00:00,WELL-03,68.33,3.63,185.31,430.6,13,16083.0,185.3,102.9,88.1,8.42,46.17
2026-01-03 07:00:00,WELL-03,65.95,3.242,172.92,414.1,12,15737.0,172.9,96.8,83.8,8.11,43.01
2026-01-03 08:00:00,WELL-03,64.64,3.245,165.89,404.8,15,15553.0,165.9,93.4,81.4,7.93,41.19
2026-01-03 09:00:00,WELL-03,64.3,3.33,163.68,401.9,14,16689.0,163.7,92.4,70.2,7.87,40.58
2026-01-03 10:00:00,WELL-03,63.88,3.429,161.07,398.5,12,15461.0,161.1,91.2,79.6,7.8,39.87
2026-01-03 11:00:00,WELL-03,65.37,3.209,168.03,407.9,14,16640.0,168.0,94.8,69.7,7.97,41.55
2026-01-03 12:00:00,WELL-03,66.13,3.315,171.34,412.4,14,15822.0,171.3,96.5,82.8,8.05,42.32
2026-01-03 13:00:00,WELL-03,65.67,3.247,168.56,408.7,16,17030.0,168.6,95.2,71.0,7.98,41.57
2026-01-03 14:00:00,WELL-03,65.11,3.337,165.28,404.4,13,15693.0,165.3,93.7,80.5,7.89,40.69
2026-01-03 15:00:00,WELL-03,65.21,3.349,165.28,404.5,14,15719.0,165.3,93.8,80.4,7.89,40.63
2026-01-03 16:00:00,WELL-03,66.97,3.491,173.61,415.6,13,15995.0,173.6,98.1,83.1,8.09,42.65
2026-01-03 17:00:00,WELL-03,63.0,3.774,153.27,388.6,14,15411.0,153.3,88.0,76.2,7.58,37.51
2026-01-03 18:00:00,WELL-03,66.23,3.385,168.95,409.6,14,15908.0,169.0,95.9,81.3,7.97,41.37
2026-01-03 19:00:00,WELL-03,65.24,3.457,163.48,402.3,13,15770.0,163.5,93.3,79.4,7.83,39.95
2026-01-03 20:00:00,WELL-03,66.45,3.439,169.06,409.8,13,15964.0,169.1,96.2,81.2,7.96,41.28
2026-01-03 21:00:00,WELL-03,64.55,3.628,159.08,396.6,14,15691.0,159.1,91.3,77.7,7.71,38.73
2026-01-03 22:00:00,WELL-03,63.9,3.766,155.32,391.6,14,15604.0,155.3,89.5,76.4,7.61,37.73
2026-01-03 23:00:00,WELL-03,66.44,3.463,167.53,408.0,15,15997.0,167.5,95.7,80.3,7.91,40.72
2026-01-04 00:00:00,WELL-03,65.43,3.567,161.98,400.7,13,16830.0,162.0,93.0,64.2,7.77,39.28
2026-01-04 01:00:00,WELL-03,65.88,3.52,163.78,403.1,12,15937.0,163.8,94.0,78.9,7.81,39.67
2026-01-04 02:00:00,WELL-03,65.03,3.689,159.05,396.9,14,15822.0,159.0,91.7,77.2,7.69,38.43
2026-01-04 03:00:00,WELL-03,64.24,3.851,154.57,391.0,11,15714.0,154.6,89.6,75.6,7.57,37.25
2026-01-04 04:00:00,WELL-03,66.79,3.566,166.84,407.4,12,16108.0,166.8,95.8,79.6,7.87,40.26
2026-01-04 05:00:00,WELL-03,66.2,3.579,163.44,402.9,14,16033.0,163.4,94.2,78.3,7.79,39.35
2026-01-04 06:00:00,WELL-03,65.94,3.651,161.64,400.6,12,16005.0,161.6,93.4,77.6,7.74,38.84
2026-01-04 07:00:00,WELL-03,67.4,3.694,168.45,409.7,14,16236.0,168.5,96.9,79.8,7.9,40.49
2026-01-04 08:00:00,WELL-03,63.71,4.08,149.49,384.5,11,15693.0,149.5,87.6,73.4,7.42,35.69
2026-01-04 09:00:00,WELL-03,67.18,3.676,166.38,407.1,10,16226.0,166.4,96.1,78.9,7.84,39.85
2026-01-04 10:00:00,WELL-03,66.51,3.669,162.55,402.1,13,16138.0,162.6,94.3,77.5,7.74,38.83
2026-01-04 11:00:00,WELL-03,66.1,3.767,159.97,398.7,14,16087.0,160.0,93.1,76.5,7.68,38.13
2026-01-04 12:00:00,WELL-03,69.04,4.011,174.19,417.7,10,16540.0,174.2,100.3,81.2,8.03,41.63
2026-01-04 13:00:00,WELL-03,65.29,3.959,154.94,392.1,11,15988.0,154.9,90.8,74.7,7.54,36.76
2026-01-04 14:00:00,WELL-03,66.65,3.759,161.28,400.6,12,16205.0,161.3,94.0,76.7,7.7,38.28
2026-01-04 15:00:00,WELL-03,69.47,4.11,174.9,418.9,10,16640.0,174.9,100.9,81.1,8.03,41.63
2026-01-04 16:00:00,WELL-03,68.76,4.0,170.86,413.5,13,16545.0,170.9,99.0,79.6,7.93,40.56
2026-01-04 17:00:00,WELL-03,66.25,3.91,157.83,396.2,12,16181.0,157.8,92.6,75.2,7.6,37.25
2026-01-04 18:00:00,WELL-03,67.77,3.852,164.91,405.7,12,16419.0,164.9,96.2,77.5,7.77,38.96
2026-01-04 19:00:00,WELL-03,67.33,3.788,162.23,402.2,13,16365.0,162.2,95.0,76.5,7.7,38.23
2026-01-04 20:00:00,WELL-03,67.16,3.844,160.9,400.5,12,16352.0,160.9,94.4,75.9,7.66,37.84
2026-01-04 21:00:00,WELL-03,67.93,3.905,164.23,405.0,12,16478.0,164.2,96.2,76.9,7.74,38.61
2026-01-04 22:00:00,WELL-03,66.99,3.929,159.07,398.2,12,16350.0,159.1,93.7,75.1,7.61,37.26
2026-01-04 23:00:00,WELL-03,67.98,3.931,163.51,404.2,11,16509.0,163.5,96.0,76.5,7.72,38.31
2026-01-05 00:00:00,WELL-03,67.09,3.969,158.61,397.7,13,16389.0,158.6,93.7,74.7,7.59,37.03
2026-01-05 01:00:00,WELL-03,68.03,3.958,162.82,403.4,10,16541.0,162.8,95.9,76.0,7.69,38.02
2026-01-05 02:00:00,WELL-03,69.21,4.163,168.24,410.7,8,16730.0,168.2,98.7,77.7,7.82,39.32
2026-01-05 03:00:00,WELL-03,67.15,4.044,157.43,396.3,10,16432.0,157.4,93.4,74.0,7.55,36.56
2026-01-05 04:00:00,WELL-03,67.96,3.973,161.01,401.2,10,16566.0,161.0,95.3,75.1,7.63,37.4
2026-01-05 05:00:00,WELL-03,68.53,4.075,163.34,404.4,9,16662.0,163.3,96.5,75.8,7.69,37.92
2026-01-05 06:00:00,WELL-03,67.47,4.076,157.56,396.7,12,16515.0,157.6,93.7,73.7,7.54,36.41
2026-01-05 07:00:00,WELL-03,67.61,4.08,157.79,397.1,11,16548.0,157.8,93.9,73.7,7.54,36.41
2026-01-05 08:00:00,WELL-03,67.71,4.093,157.77,397.1,8,17426.0,157.8,94.0,64.3,7.54,36.35
2026-01-05 09:00:00,WELL-03,67.56,4.147,156.53,395.5,10,16563.0,156.5,93.5,73.1,7.5,35.98
2026-01-05 10:00:00,WELL-03,65.99,4.436,148.2,384.5,11,17181.0,148.2,89.4,55.7,7.29,33.84
2026-01-05 11:00:00,WELL-03,69.56,4.299,165.56,407.7,8,16887.0,165.6,98.2,75.9,7.72,38.12
2026-01-05 12:00:00,WELL-03,70.09,4.398,167.76,410.7,11,16979.0,167.8,99.4,76.5,7.77,38.61
2026-01-05 13:00:00,WELL-03,69.52,4.311,164.41,406.3,7,16905.0,164.4,97.8,75.3,7.68,37.72
2026-01-05 14:00:00,WELL-03,67.6,4.281,154.3,392.9,10,16628.0,154.3,92.9,71.8,7.43,35.13
2026-01-05 15:00:00,WELL-03,66.45,4.501,148.05,384.6,7,16467.0,148.0,89.9,69.6,7.27,33.51
2026-01-05 16:00:00,WELL-03,70.69,4.533,168.8,412.4,8,17116.0,168.8,100.3,76.4,7.78,38.64
2026-01-05 17:00:00,WELL-03,67.95,4.308,154.58,393.5,11,16716.0,154.6,93.3,71.6,7.42,35.03
2026-01-05 18:00:00,WELL-03,67.31,4.442,150.93,388.7,7,16633.0,150.9,91.6,70.3,7.33,34.06
2026-01-05 19:00:00,WELL-03,70.7,4.561,167.39,410.7,9,17153.0,167.4,99.9,75.6,7.74,38.11
2026-01-05 20:00:00,WELL-03,69.84,4.425,162.57,404.3,8,17034.0,162.6,97.6,73.9,7.61,36.85
2026-01-05 21:00:00,WELL-03,67.16,4.552,148.69,385.9,10,16645.0,148.7,90.8,69.2,7.26,33.32
2026-01-05 22:00:00,WELL-03,69.69,4.419,160.86,402.2,9,17036.0,160.9,97.0,73.1,7.56,36.3
2026-01-05 23:00:00,WELL-03,71.04,4.653,167.13,410.6,6,17251.0,167.1,100.2,75.1,7.71,37.81
2026-01-06 00:00:00,WELL-03,68.49,4.416,153.86,393.0,6,16879.0,153.9,93.6,70.6,7.38,34.44
2026-01-06 01:00:00,WELL-03,69.72,4.45,159.54,400.6,7,17076.0,159.5,96.6,72.4,7.52,35.8
2026-01-06 02:00:00,WELL-03,68.79,4.422,154.41,393.8,7,16948.0,154.4,94.1,70.6,7.38,34.46
2026-01-06 03:00:00,WELL-03,68.23,4.544,151.1,389.5,7,17982.0,151.1,92.6,54.8,7.3,33.57
2026-01-06 04:00:00,WELL-03,70.18,4.553,160.38,401.9,6,17180.0,160.4,97.3,72.3,7.53,35.83
2026-01-06 05:00:00,WELL-03,70.32,4.585,160.58,402.2,6,17212.0,160.6,97.5,72.3,7.53,35.82
2026-01-06 06:00:00,WELL-03,68.41,4.599,150.55,388.9,8,17869.0,150.5,92.6,51.8,7.27,33.26
2026-01-06 07:00:00,WELL-03,69.48,4.462,155.39,395.5,6,17109.0,155.4,95.1,70.4,7.39,34.41
2026-01-06 08:00:00,WELL-03,68.1,4.707,148.02,385.7,7,16914.0,148.0,91.5,67.8,7.2,32.51
2026-01-06 09:00:00,WELL-03,69.75,4.524,155.76,396.1,8,17173.0,155.8,95.5,70.3,7.39,34.38
2026-01-06 10:00:00,WELL-03,69.61,4.511,154.61,394.6,6,17165.0,154.6,95.0,69.8,7.36,34.04
2026-01-06 11:00:00,WELL-03,71.26,4.794,162.35,405.0,5,17423.0,162.4,99.0,72.3,7.55,35.92
2026-01-06 12:00:00,WELL-03,72.29,4.975,167.04,411.3,8,17590.0,167.0,101.4,73.7,7.66,37.03
2026-01-06 13:00:00,WELL-03,71.28,4.816,161.5,404.0,6,17450.0,161.5,98.7,71.8,7.52,35.58
2026-01-06 14:00:00,WELL-03,70.85,4.753,158.87,400.5,6,17398.0,158.9,97.5,70.8,7.45,34.87
2026-01-06 15:00:00,WELL-03,70.67,4.731,157.47,398.7,7,17382.0,157.5,96.9,70.2,7.41,34.46
2026-01-06 16:00:00,WELL-03,69.37,4.721,150.49,389.5,7,17199.0,150.5,93.5,67.8,7.23,32.66
2026-01-06 17:00:00,WELL-03,69.28,4.765,149.53,388.3,7,17197.0,149.5,93.1,67.4,7.2,32.36
2026-01-06 18:00:00,WELL-03,70.64,4.752,155.82,396.7,8,17412.0,155.8,96.4,69.3,7.36,33.87
2026-01-06 19:00:00,WELL-03,71.25,4.864,158.43,400.3,5,17516.0,158.4,97.8,70.1,7.42,34.46
2026-01-06 20:00:00,WELL-03,69.78,4.766,150.58,389.9,6,17307.0,150.6,94.0,67.4,7.22,32.44
2026-01-06 21:00:00,WELL-03,71.06,4.848,156.45,397.8,5,17510.0,156.5,97.0,69.2,7.36,33.85
2026-01-06 22:00:00,WELL-03,69.81,4.818,149.76,388.9,5,17336.0,149.8,93.7,66.9,7.19,32.12
2026-01-06 23:00:00,WELL-03,70.18,4.785,151.11,390.8,6,17403.0,151.1,94.5,67.2,7.22,32.4
2026-01-07 00:00:00,WELL-03,70.43,4.771,151.87,391.9,8,17452.0,151.9,95.0,67.4,7.23,32.53
2026-01-07 01:00:00,WELL-03,71.41,4.943,156.29,397.8,8,17610.0,156.3,97.3,68.8,7.34,33.58
2026-01-07 02:00:00,WELL-03,70.17,4.871,149.6,389.0,7,17436.0,149.6,94.1,66.4,7.17,31.85
2026-01-07 03:00:00,WELL-03,72.14,5.081,158.95,401.5,4,17743.0,158.9,98.8,69.4,7.4,34.13
2026-01-07 04:00:00,WELL-03,70.46,4.88,150.07,389.7,7,17503.0,150.1,94.5,66.4,7.17,31.85
2026-01-07 05:00:00,WELL-03,73.15,5.267,163.01,407.0,6,17917.0,163.0,101.0,70.6,7.49,35.02
2026-01-07 06:00:00,WELL-03,70.44,4.94,148.99,388.4,5,17523.0,149.0,94.1,65.8,7.14,31.46
2026-01-07 07:00:00,WELL-03,70.94,4.916,150.98,391.1,5,19313.0,151.0,95.2,54.6,7.18,31.9
2026-01-07 08:00:00,WELL-03,70.5,4.987,148.29,387.6,3,17555.0,148.3,94.0,65.4,7.11,31.17
2026-01-07 09:00:00,WELL-03,71.08,4.957,150.72,390.9,6,17654.0,150.7,95.3,66.1,7.17,31.72
2026-01-07 10:00:00,WELL-03,71.51,5.039,152.4,393.2,5,17731.0,152.4,96.2,66.5,7.21,32.08
2026-01-07 11:00:00,WELL-03,70.91,5.004,148.87,388.6,4,17652.0,148.9,94.6,65.2,7.12,31.14
2026-01-07 12:00:00,WELL-03,72.6,5.238,156.88,399.3,5,17918.0,156.9,98.7,67.8,7.31,33.08
2026-01-07 13:00:00,WELL-03,72.48,5.225,155.75,397.9,5,17910.0,155.7,98.2,67.3,7.28,32.74
2026-01-07 14:00:00,WELL-03,73.65,5.43,161.14,405.1,3,18099.0,161.1,101.0,69.0,7.41,34.03
2026-01-07 15:00:00,WELL-03,70.9,5.118,146.88,386.2,4,17697.0,146.9,94.0,64.1,7.05,30.41
2026-01-07 16:00:00,WELL-03,71.68,5.119,150.3,390.8,7,17826.0,150.3,95.8,65.2,7.13,31.2
2026-01-07 17:00:00,WELL-03,71.76,5.142,150.23,390.8,6,17850.0,150.2,95.8,65.1,7.13,31.13
2026-01-07 18:00:00,WELL-03,73.12,5.377,156.55,399.3,4,18066.0,156.6,99.1,67.1,7.28,32.65
2026-01-07 19:00:00,WELL-03,73.15,5.391,156.2,398.9,6,18082.0,156.2,99.0,66.8,7.27,32.5
2026-01-07 20:00:00,WELL-03,73.35,5.432,156.68,399.6,3,19255.0,156.7,99.3,56.6,7.28,32.56
2026-01-07 21:00:00,WELL-03,71.75,5.174,148.19,388.3,2,17895.0,148.2,95.2,63.9,7.06,30.38
2026-01-07 22:00:00,WELL-03,70.94,5.309,143.68,382.4,3,18732.0,143.7,93.0,45.4,6.94,29.2
2026-01-07 23:00:00,WELL-03,73.51,5.486,156.05,398.9,5,19788.0,156.0,99.3,50.8,7.25,32.23
